id_orig,key_0,medical_clinic,primary_school,supermarket,population
7024050,7024050,8815.9,9092.6,10615.8,177
7024059,7024059,8788.7,9065.4,10588.6,162
7024168,7024168,10025.1,9556.7,11825.1,102
7024172,7024172,8656.1,8932.8,10456.0,180
7024174,7024174,9232.2,9508.9,11032.1,129
7024175,7024175,7434.7,7711.4,9234.6,150
7024176,7024176,9085.8,9362.5,10885.7,132
7024177,7024177,7107.8,7384.4,8907.7,138
7024178,7024178,8503.6,8780.2,10303.5,246
7024179,7024179,8657.7,8934.3,10457.6,207
7024180,7024180,7913.2,8189.9,9713.1,207
7024181,7024181,8314.6,8591.2,10114.5,108
7024182,7024182,7390.2,7666.9,9190.1,144
7024183,7024183,8807.9,9084.6,10607.8,159
7024184,7024184,8357.5,8634.2,10157.4,135
7024185,7024185,8042.7,8319.4,9842.6,147
7024186,7024186,8055.6,8332.3,9855.5,174
7024187,7024187,9370.6,9647.3,11170.5,153
7024188,7024188,7733.8,8010.5,9533.8,147
7024189,7024189,7396.9,7673.6,9196.8,102
7024190,7024190,7735.6,8012.2,9535.5,183
7024191,7024191,7677.3,7954.0,9477.2,96
7024192,7024192,7523.2,7799.8,9323.1,126
7024193,7024193,7516.8,7793.5,9316.7,186
7024194,7024194,7245.3,7522.0,9045.2,99
7024195,7024195,7975.5,8252.2,9775.4,111
7024196,7024196,7890.8,8167.5,9690.7,165
7024197,7024197,7451.2,7727.9,9251.1,120
7024198,7024198,8188.7,8465.4,9988.6,180
7024199,7024199,7278.0,7554.7,9077.9,111
7024200,7024200,7657.8,7934.4,9457.7,207
7024204,7024204,10312.4,10589.1,12112.3,204
7024205,7024205,9282.7,9559.4,11082.7,105
7024206,7024206,10351.8,10628.5,12151.7,201
7024207,7024207,8718.1,8994.8,10518.0,225
7024208,7024208,9476.1,9752.8,11276.0,156
7024209,7024209,9540.6,9817.3,11340.5,207
7024210,7024210,9612.7,9889.4,11412.6,150
7024211,7024211,9594.4,9871.1,11394.3,126
7024212,7024212,8161.5,8438.2,9961.4,165
7024213,7024213,8452.7,8729.4,10252.6,195
7024214,7024214,8068.9,8345.6,9868.8,162
7024215,7024215,8278.7,8555.4,10078.6,102
7024216,7024216,8330.6,8607.2,10130.5,207
7024217,7024217,7672.8,7949.5,9472.8,18
7024218,7024218,7499.9,7776.6,9299.8,123
7024219,7024219,7942.7,8219.4,9742.7,99
7024220,7024220,7502.8,7779.5,9302.7,171
7024221,7024221,7651.2,7927.9,9451.1,99
7024222,7024222,8176.7,8453.4,9976.6,159
7024223,7024223,7157.9,7434.6,8957.8,186
7024224,7024224,6919.0,7195.7,8718.9,252
7024225,7024225,7289.3,7566.0,9089.2,153
7024226,7024226,6322.4,6599.1,8122.4,240
7024227,7024227,7480.4,7757.1,9280.3,159
7024228,7024228,7167.9,7444.6,8967.8,114
7024229,7024229,7027.5,7304.2,8827.4,177
7024230,7024230,6449.9,6726.6,8249.8,201
7024243,7024243,10348.6,10625.3,12148.5,123
7024244,7024244,9918.4,10195.1,11718.3,162
7024245,7024245,10515.6,10792.3,12315.5,153
7024246,7024246,11013.2,11289.9,12813.2,165
7024247,7024247,11837.4,12114.1,13637.3,108
7024248,7024248,12648.2,12924.9,14448.1,171
7024249,7024249,12644.1,12920.8,14444.0,201
7024250,7024250,12694.1,12970.8,14494.0,267
7024251,7024251,13201.6,13478.2,15001.5,210
7024252,7024252,13325.6,13602.3,15125.5,198
7024253,7024253,13273.3,13550.0,15073.3,117
7024254,7024254,13407.2,13683.9,15207.1,159
7024255,7024255,11601.8,11878.5,13401.7,183
7024256,7024256,11212.4,11489.1,13012.3,258
7024257,7024257,10911.4,11188.1,12711.3,75
7024258,7024258,11422.7,11699.4,13222.6,204
7024259,7024259,11190.2,11466.9,12990.1,132
7024260,7024260,10894.4,11171.0,12694.3,129
7024261,7024261,11015.8,11292.5,12815.7,195
7024262,7024262,11131.8,11408.5,12931.8,114
7024263,7024263,10399.4,10676.1,12199.3,135
7024264,7024264,11170.0,11446.7,12970.0,114
7024265,7024265,10554.0,10830.7,12353.9,120
7024266,7024266,10617.3,10894.0,12417.2,171
7024267,7024267,8138.7,8415.4,9938.6,81
7024268,7024268,8697.1,8973.8,10497.0,42
7024272,7024272,12533.9,12810.6,14333.8,144
7024273,7024273,12717.3,12994.0,14517.2,138
7024274,7024274,12444.7,12721.4,14244.6,183
7024276,7024276,13838.1,14114.8,15638.0,153
7024277,7024277,13614.5,13891.2,15414.4,174
7024278,7024278,14054.5,14331.2,15854.4,129
7024279,7024279,3314.7,3247.6,5114.6,195
7024280,7024280,3294.1,3227.0,5094.0,180
7024281,7024281,3349.5,3282.4,5149.4,96
7024282,7024282,6384.5,6317.4,8184.4,201
7024283,7024283,5286.6,3965.5,7086.5,147
7024284,7024284,3780.3,3431.2,3908.4,201
7024285,7024285,8477.1,7455.4,10277.0,129
7024286,7024286,6408.8,4122.4,6691.9,201
7024287,7024287,6184.2,3897.8,6467.3,156
7024288,7024288,5984.0,4383.0,6112.1,156
7024289,7024289,7891.4,5605.0,8486.4,90
7024290,7024290,9079.1,6792.6,9674.1,0
7024291,7024291,5026.8,4575.9,4846.5,72
7024292,7024292,414.7,2884.9,552.2,0
7024294,7024294,8298.6,3737.0,8366.1,90
7024295,7024295,11665.0,10430.6,12219.1,108
7024296,7024296,3510.5,2866.2,783.1,54
7024297,7024297,3957.7,2687.2,2888.5,120
7024298,7024298,2890.4,417.3,1142.5,81
7024299,7024299,2435.1,717.2,1413.4,141
7024300,7024300,2919.0,1898.7,2767.4,117
7024301,7024301,2107.0,1713.1,1777.8,150
7024302,7024302,2213.9,1820.0,1884.8,174
7024303,7024303,1988.3,1693.2,1659.2,138
7024304,7024304,2154.1,1859.0,1824.9,132
7024305,7024305,4041.4,2770.8,2972.1,165
7024306,7024306,2042.5,1022.1,1915.2,141
7024307,7024307,1939.1,1573.9,1609.9,147
7024308,7024308,2098.1,1077.8,1903.7,150
7024309,7024309,1848.9,828.5,1654.4,123
7024310,7024310,1614.3,412.7,1285.2,162
7024311,7024311,1763.5,804.8,1434.3,186
7024312,7024312,1552.8,594.0,1223.6,180
7024313,7024313,1369.4,347.9,1040.3,180
7024314,7024314,1829.7,1587.0,1500.6,174
7024315,7024315,1379.7,1084.6,1050.5,183
7024316,7024316,1074.5,605.1,745.4,135
7024317,7024317,1362.2,860.3,1033.1,168
7024318,7024318,965.0,555.8,635.9,183
7024319,7024319,5707.5,5427.0,5716.9,90
7024320,7024320,3516.6,3303.1,3828.9,192
7024321,7024321,1943.1,2017.9,2890.3,195
7024322,7024322,1616.6,1107.5,1979.9,159
7024323,7024323,1357.6,1554.6,2126.7,141
7024324,7024324,928.3,1389.1,1697.4,156
7024325,7024325,1551.8,810.2,1682.7,159
7024326,7024326,1014.4,1382.5,1690.8,195
7024327,7024327,1457.2,715.6,1588.1,186
7024328,7024328,1085.6,1026.7,1335.1,219
7024329,7024329,532.3,1068.8,1488.4,189
7024330,7024330,1712.4,692.0,1564.5,159
7024331,7024331,1427.6,298.5,1171.0,150
7024332,7024332,1115.1,891.8,1072.8,183
7024333,7024333,1200.4,186.3,871.3,93
7024334,7024334,1087.6,416.4,1045.3,105
7024335,7024335,1172.9,949.6,1130.6,189
7024336,7024336,974.0,858.9,1499.8,177
7024337,7024337,1190.0,838.6,1441.0,150
7024338,7024338,961.1,381.1,631.9,150
7024339,7024339,1276.0,1052.7,1233.6,165
7024340,7024340,836.0,702.7,1013.7,111
7024341,7024341,1041.7,483.9,734.7,219
7024342,7024342,653.4,520.1,1149.0,153
7024343,7024343,606.2,472.9,1101.8,174
7024344,7024344,593.9,659.3,735.3,105
7024345,7024345,416.9,762.0,651.1,111
7024346,7024346,5216.0,4935.5,5225.5,156
7024347,7024347,3502.5,2980.1,3270.1,81
7024348,7024348,3917.6,3757.0,2316.3,180
7024349,7024349,3200.8,2678.4,1638.9,138
7024350,7024350,3391.3,2868.9,1829.4,135
7024351,7024351,3374.3,3316.8,1773.0,204
7024352,7024352,3191.6,2912.1,1590.3,99
7024353,7024353,3249.8,2968.6,1648.4,135
7024354,7024354,3039.2,2878.6,1437.9,183
7024355,7024355,3246.1,3051.1,1644.8,99
7024356,7024356,3079.3,2884.3,1478.0,111
7024357,7024357,1613.2,1881.4,2278.8,150
7024358,7024358,1372.6,2065.3,2448.0,342
7024359,7024359,1632.5,1900.6,2007.4,174
7024360,7024360,964.9,448.4,1860.3,156
7024361,7024361,1289.4,806.5,1769.7,126
7024362,7024362,1168.6,685.8,1801.9,171
7024363,7024363,1005.2,1308.3,2830.0,117
7024364,7024364,1398.8,1728.4,2783.5,150
7024365,7024365,821.8,1053.1,2818.5,171
7024366,7024366,867.0,1627.7,1962.5,201
7024367,7024367,558.6,1294.7,2312.6,102
7024368,7024368,461.1,1435.6,2053.4,186
7024369,7024369,824.3,569.9,2519.6,165
7024370,7024370,200.4,1195.5,2221.1,117
7024371,7024371,263.5,1353.2,2284.2,204
7024372,7024372,403.7,1212.5,2018.3,126
7024373,7024373,517.3,1326.1,2132.0,180
7024374,7024374,473.6,878.1,2222.7,189
7024375,7024375,416.5,798.3,1704.2,210
7024376,7024376,637.1,1041.6,2166.9,198
7024377,7024377,598.2,865.1,1771.0,183
7024378,7024378,2749.0,2226.5,2516.5,42
7024379,7024379,1725.7,1203.3,896.1,210
7024380,7024380,1925.1,1402.7,1138.9,126
7024381,7024381,1961.2,1438.8,1175.0,183
7024382,7024382,2115.8,1593.4,1329.6,129
7024383,7024383,1934.5,1412.1,642.8,132
7024384,7024384,2377.0,1854.6,1236.2,144
7024385,7024385,2594.1,2071.7,1430.8,114
7024386,7024386,2408.6,1886.2,1267.8,105
7024387,7024387,2039.1,1516.7,898.3,93
7024388,7024388,2556.0,2360.9,954.6,135
7024389,7024389,1861.2,1338.7,492.1,168
7024390,7024390,2080.2,1557.8,711.2,147
7024391,7024391,2699.5,2489.4,1098.2,222
7024392,7024392,2103.5,1908.5,502.2,96
7024393,7024393,2087.1,1892.1,485.8,126
7024394,7024394,2413.3,2218.3,812.0,153
7024395,7024395,2165.5,1970.5,564.2,147
7024396,7024396,2360.7,2165.7,759.4,114
7024397,7024397,2795.0,2600.0,1193.7,159
7024398,7024398,2433.0,2238.0,831.7,159
7024399,7024399,2321.0,2125.9,719.7,105
7024400,7024400,2290.2,2095.2,688.9,171
7024401,7024401,2550.6,2355.6,949.3,117
7024402,7024402,1056.5,1304.5,2551.5,183
7024403,7024403,840.4,1088.4,2335.4,111
7024404,7024404,745.6,993.6,2240.6,150
7024405,7024405,1525.1,1038.5,3020.1,156
7024406,7024406,668.7,452.9,2163.7,117
7024407,7024407,600.3,384.5,2095.3,99
7024408,7024408,1496.7,1744.7,1448.4,117
7024409,7024409,1701.9,1949.9,1653.6,114
7024410,7024410,1874.4,2122.4,1826.0,99
7024411,7024411,1477.5,1725.5,1429.2,171
7024412,7024412,692.0,940.0,2039.6,213
7024413,7024413,589.4,837.4,2062.9,153
7024414,7024414,652.7,900.7,2000.3,165
7024415,7024415,666.1,914.1,2139.6,138
7024416,7024416,903.4,386.9,2336.5,213
7024417,7024417,587.0,191.6,2020.2,147
7024418,7024418,735.8,252.9,2017.2,132
7024419,7024419,716.4,233.6,1967.4,210
7024420,7024420,1229.2,746.3,1862.4,96
7024421,7024421,839.3,356.4,1649.4,114
7024422,7024422,958.6,475.7,1725.3,171
7024423,7024423,771.9,592.2,2266.9,153
7024424,7024424,522.0,835.7,2303.5,144
7024425,7024425,599.2,419.6,2094.3,159
7024426,7024426,448.6,762.2,2230.1,153
7024427,7024427,652.2,937.6,2433.7,120
7024428,7024428,442.4,756.0,2223.8,192
7024429,7024429,537.3,851.0,2318.8,129
7024430,7024430,592.0,905.6,2373.5,120
7024431,7024431,757.4,700.1,1794.6,195
7024432,7024432,1108.7,1051.3,2145.9,264
7024433,7024433,7599.3,7385.8,7755.1,135
7024434,7024434,622.8,1723.1,2422.7,141
7024435,7024435,298.1,1398.4,2098.0,204
7024436,7024436,2518.4,1996.0,2286.0,129
7024437,7024437,495.7,1036.2,1735.8,123
7024438,7024438,1283.7,761.2,1460.8,210
7024439,7024439,1503.2,980.8,597.9,141
7024440,7024440,434.2,1534.5,2234.1,96
7024441,7024441,90.6,1244.5,1944.1,174
7024442,7024442,489.7,1007.6,1707.2,126
7024443,7024443,621.3,1139.2,1838.8,147
7024444,7024444,710.5,1228.4,1928.0,150
7024445,7024445,905.5,883.8,1583.4,135
7024446,7024446,1011.9,990.2,1689.8,120
7024447,7024447,1714.6,1192.2,780.9,189
7024448,7024448,1847.4,1825.6,1967.7,216
7024449,7024449,1573.2,1050.8,639.4,162
7024450,7024450,2114.6,1961.8,299.8,90
7024451,7024451,1814.2,1609.6,3309.2,168
7024452,7024452,1709.2,1836.3,3204.3,135
7024453,7024453,1742.4,1396.4,3237.4,204
7024454,7024454,1512.2,1760.2,3007.2,135
7024455,7024455,1302.8,1344.2,2797.8,120
7024456,7024456,1767.6,1342.6,3324.2,108
7024457,7024457,1567.6,1081.0,3062.6,123
7024458,7024458,1301.1,1314.9,2796.1,111
7024459,7024459,1496.7,1038.8,2991.7,156
7024460,7024460,1304.7,818.2,2799.8,93
7024461,7024461,1447.9,961.4,2943.0,228
7024462,7024462,1224.2,737.7,2719.3,189
7024463,7024463,1502.2,1015.6,2997.2,192
7024464,7024464,816.1,329.6,2311.1,165
7024465,7024465,1150.7,664.2,2645.7,126
7024466,7024466,1354.1,867.5,2849.1,135
7024467,7024467,905.4,418.8,2400.4,138
7024468,7024468,926.3,1024.2,2707.8,156
7024469,7024469,1168.7,1020.2,2950.1,150
7024470,7024470,855.2,1168.9,2636.7,177
7024471,7024471,1489.5,1557.4,3270.9,99
7024472,7024472,1234.1,1302.1,3015.6,165
7024473,7024473,1532.8,1600.8,3314.3,144
7024474,7024474,1600.8,1668.8,3382.3,120
7024475,7024475,936.1,2093.4,2793.0,177
7024476,7024476,574.6,1731.8,2431.4,195
7024477,7024477,481.8,1398.7,2098.3,159
7024478,7024478,1927.1,1905.4,2605.0,168
7024479,7024479,2730.8,3000.4,1594.1,144
7024480,7024480,1484.5,2055.4,1612.7,132
7024481,7024481,2810.5,2709.6,2663.8,138
7024482,7024482,3119.3,970.1,3247.4,132
7024483,7024483,1278.9,1849.7,1407.0,120
7024484,7024484,1579.2,2150.1,1707.4,126
7024485,7024485,2441.4,1622.4,2569.6,447
7024486,7024486,1922.6,1239.9,1742.3,243
7024487,7024487,2005.7,1323.0,1825.4,231
7024488,7024488,1947.0,1250.6,1766.6,174
7024489,7024489,1604.3,908.0,1424.0,309
7024490,7024490,1034.2,351.5,853.9,228
7024491,7024491,1165.7,714.8,985.3,294
7024492,7024492,1540.0,1089.0,1359.6,162
7024493,7024493,1356.6,905.7,1176.2,300
7024494,7024494,1822.1,1371.2,1641.8,153
7024495,7024495,1747.6,1296.7,1567.3,513
7024496,7024496,2803.4,2352.5,2623.1,138
7024497,7024497,1848.0,1397.1,1667.7,156
7024498,7024498,1875.0,1424.1,1694.7,210
7024499,7024499,1833.5,1382.6,1653.1,165
7024500,7024500,1646.7,1195.8,1466.4,195
7024501,7024501,1942.4,1807.5,2676.6,147
7024502,7024502,2370.2,2235.3,3104.4,183
7024503,7024503,1582.3,1131.3,1401.9,93
7024504,7024504,1843.6,1392.6,1663.2,102
7024505,7024505,2024.8,1774.0,2209.3,114
7024506,7024506,2247.6,1933.1,2368.5,153
7024507,7024507,2197.3,1581.6,2017.0,99
7024508,7024508,1702.2,1623.1,2436.3,186
7024509,7024509,1968.6,932.2,2598.1,159
7024510,7024510,1802.9,713.8,2537.0,132
7024511,7024511,1945.2,560.2,2574.7,108
7024512,7024512,2023.9,538.1,2758.1,120
7024513,7024513,2099.3,406.0,2728.8,102
7024514,7024514,2387.8,369.4,3017.2,168
7024515,7024515,2498.6,18.2,3137.7,174
7024516,7024516,2445.8,241.6,3322.8,141
7024517,7024517,1870.7,1735.7,2604.8,156
7024518,7024518,1753.6,1225.9,2487.8,204
7024519,7024519,1589.7,1587.8,2323.9,162
7024520,7024520,1794.4,1659.5,2387.5,120
7024521,7024521,1306.5,1583.2,2040.6,147
7024522,7024522,1212.3,1642.0,1946.4,144
7024523,7024523,1391.5,1355.6,2125.7,144
7024524,7024524,980.0,392.0,1965.3,162
7024525,7024525,783.2,614.6,1768.6,123
7024526,7024526,552.5,35.5,1537.8,207
7024527,7024527,623.8,601.0,1609.1,171
7024528,7024528,736.3,713.4,1721.6,135
7024529,7024529,799.9,798.1,1631.9,126
7024530,7024530,297.5,727.2,1282.9,174
7024531,7024531,340.2,770.0,1325.6,240
7024532,7024532,466.1,895.8,1451.4,141
7024533,7024533,859.0,1287.9,1337.1,102
7024534,7024534,796.6,1004.5,1053.7,180
7024535,7024535,1521.4,1333.4,2255.6,141
7024536,7024536,2045.3,518.7,2779.5,147
7024537,7024537,1734.7,1318.9,2803.2,81
7024538,7024538,2084.6,1000.1,3153.1,219
7024539,7024539,2135.8,1051.3,3204.3,144
7024540,7024540,1907.3,1285.6,2975.9,141
7024541,7024541,1610.8,1437.6,2679.3,117
7024542,7024542,1146.9,558.9,1839.3,171
7024543,7024543,1263.3,675.3,1785.6,186
7024544,7024544,1266.5,1003.0,1622.5,144
7024545,7024545,1130.9,978.5,1486.9,162
7024546,7024546,1211.6,1085.0,1351.1,108
7024547,7024547,556.2,707.2,1388.2,165
7024548,7024548,788.4,851.6,1161.9,102
7024549,7024549,789.5,879.8,929.0,135
7024550,7024550,631.2,952.1,1004.7,126
7024551,7024551,495.3,748.1,1093.1,132
7024552,7024552,445.4,698.3,988.9,141
7024553,7024553,392.0,903.0,952.2,150
7024554,7024554,1441.4,1177.9,1695.4,153
7024555,7024555,1534.4,1362.2,1310.2,192
7024556,7024556,1357.2,1277.4,1040.9,126
7024557,7024557,1339.3,1260.9,1388.5,129
7024558,7024558,1032.4,1122.8,1172.0,147
7024559,7024559,1662.4,1095.2,858.7,201
7024560,7024560,936.1,1026.4,1075.7,198
7024561,7024561,1489.3,800.4,563.9,192
7024562,7024562,1044.2,174.9,404.5,165
7024563,7024563,582.9,520.4,569.6,96
7024564,7024564,972.8,283.9,237.2,132
7024565,7024565,920.8,1066.6,1115.8,183
7024566,7024566,961.5,1107.3,1156.5,156
7024567,7024567,1111.6,911.7,960.9,177
7024568,7024568,1289.4,600.5,364.0,192
7024569,7024569,1108.0,1232.8,1197.2,105
7024570,7024570,1431.6,1486.6,1250.1,192
7024571,7024571,1271.3,1071.3,805.2,132
7024572,7024572,1728.0,1378.1,1141.5,165
7024573,7024573,1730.2,1049.5,813.0,180
7024574,7024574,1685.0,1004.3,767.8,225
7024575,7024575,1392.6,703.7,467.2,189
7024576,7024576,1453.8,1041.6,805.0,159
7024577,7024577,1260.5,1166.7,930.2,231
7024578,7024578,2395.3,2202.4,1965.9,108
7024579,7024579,2811.1,2681.7,2445.2,156
7024580,7024580,2733.7,2604.3,2367.8,135
7024581,7024581,2448.9,2682.0,2485.9,111
7024582,7024582,2556.6,2789.7,2593.7,192
7024583,7024583,2425.3,2658.4,2462.3,132
7024584,7024584,2154.5,2387.6,2191.5,180
7024585,7024585,1898.1,2131.2,1935.1,153
7024586,7024586,2053.9,2045.7,2090.9,138
7024587,7024587,4748.4,4244.1,6859.5,180
7024588,7024588,4043.1,3696.9,8619.0,531
7024589,7024589,2038.2,1692.0,6614.1,177
7024590,7024590,7526.8,2957.1,8866.7,228
7024591,7024591,1082.9,736.7,5684.4,159
7024592,7024592,473.2,127.0,5074.7,189
7024593,7024593,658.4,452.6,5260.0,147
7024594,7024594,611.7,405.8,5213.3,102
7024595,7024595,879.8,943.5,5481.4,141
7024596,7024596,300.1,218.9,4789.8,165
7024597,7024597,284.7,311.6,4886.3,99
7024598,7024598,1162.6,1508.8,5613.5,195
7024599,7024599,411.8,672.8,5013.4,162
7024600,7024600,1007.2,1353.4,5458.1,99
7024601,7024601,2898.3,2622.1,5117.9,114
7024602,7024602,553.7,568.3,4440.4,198
7024603,7024603,218.0,564.1,4523.4,141
7024604,7024604,1523.7,1869.9,3163.8,132
7024605,7024605,6278.4,2404.7,6345.9,117
7024606,7024606,3536.4,1494.6,4996.7,111
7024607,7024607,3913.1,1626.1,5373.4,126
7024608,7024608,2057.8,1197.7,3759.8,141
7024609,7024609,1319.2,1736.3,2785.5,129
7024610,7024610,1633.0,1492.3,1995.3,105
7024611,7024611,1740.1,1506.2,2070.1,147
7024612,7024612,1638.7,1404.8,1968.7,144
7024613,7024613,1826.8,1593.0,2312.3,174
7024614,7024614,2237.5,2583.7,4326.8,105
7024615,7024615,1552.5,1318.6,1933.3,90
7024616,7024616,1586.9,1353.0,1604.0,144
7024617,7024617,1693.1,1459.2,1710.2,114
7024618,7024618,3359.5,2168.0,4243.2,141
7024619,7024619,2140.9,1280.8,3842.9,117
7024620,7024620,2126.0,1265.9,3828.0,159
7024621,7024621,1780.7,920.6,3482.7,141
7024622,7024622,1679.9,819.8,3381.9,159
7024623,7024623,863.3,897.9,1710.1,126
7024624,7024624,1316.8,1083.0,1646.8,147
7024625,7024625,1080.1,244.7,2782.1,132
7024626,7024626,749.4,682.5,2684.4,177
7024627,7024627,848.0,557.3,2550.0,198
7024628,7024628,1006.6,368.2,2708.6,201
7024629,7024629,627.0,744.7,2562.0,219
7024630,7024630,507.2,693.9,2209.2,177
7024631,7024631,449.4,483.1,2151.4,159
7024632,7024632,674.5,1091.7,2140.9,186
7024633,7024633,105.1,454.6,2134.9,117
7024634,7024634,345.4,663.8,1971.5,120
7024635,7024635,261.1,469.1,1945.8,201
7024636,7024636,554.4,595.4,1762.5,189
7024637,7024637,633.8,544.2,1574.5,141
7024638,7024638,2154.1,2496.9,2445.7,108
7024639,7024639,1242.0,1008.1,1572.0,126
7024640,7024640,1247.1,1013.2,1264.2,99
7024641,7024641,1211.3,1238.5,1152.2,159
7024642,7024642,1253.9,1147.9,1194.8,174
7024643,7024643,1193.5,1287.5,1134.5,171
7024644,7024644,1168.3,1262.4,1109.3,111
7024645,7024645,1013.0,1355.8,1225.0,240
7024646,7024646,472.3,815.0,982.4,315
7024647,7024647,1328.2,1488.9,1189.9,156
7024648,7024648,1055.3,1398.1,1120.2,123
7024649,7024649,819.4,1162.1,1124.2,105
7024650,7024650,1133.7,1476.5,1292.0,213
7024651,7024651,1076.0,1418.7,1519.9,153
7024652,7024652,5886.9,2835.6,3792.7,162
7024653,7024653,2848.6,1988.5,3698.2,273
7024654,7024654,2306.5,1412.3,2915.7,195
7024655,7024655,2457.5,1563.3,3066.7,132
7024656,7024656,2937.4,2105.8,3532.6,129
7024657,7024657,2417.1,1523.0,3026.4,159
7024658,7024658,3219.8,2388.2,3814.9,213
7024659,7024659,2141.1,1582.7,2736.3,186
7024660,7024660,2814.3,1982.8,3409.5,171
7024661,7024661,1730.7,1172.3,2871.2,111
7024662,7024662,2008.5,1196.9,3279.9,180
7024663,7024663,1433.4,621.8,2902.8,123
7024664,7024664,1622.2,810.6,3091.6,147
7024665,7024665,1239.0,427.4,2708.5,144
7024666,7024666,1513.8,955.4,2654.3,99
7024667,7024667,1619.3,807.7,3088.8,165
7024668,7024668,1344.3,785.9,2484.8,138
7024669,7024669,2033.9,1475.4,2629.0,132
7024670,7024670,1856.4,1298.0,2451.6,213
7024671,7024671,955.3,320.3,2717.1,189
7024672,7024672,971.8,413.3,2613.1,90
7024673,7024673,1186.4,627.9,2398.5,99
7024674,7024674,958.4,399.9,2455.0,198
7024675,7024675,638.1,637.5,2573.0,123
7024676,7024676,1604.5,1046.1,1946.2,180
7024677,7024677,1525.5,967.1,1867.2,144
7024678,7024678,346.1,423.2,2130.9,225
7024679,7024679,674.8,1232.7,619.1,12
7024680,7024680,1221.3,952.6,1907.6,180
7024681,7024681,1334.8,1066.1,2021.2,111
7024682,7024682,1663.8,1395.1,2350.2,147
7024683,7024683,845.5,1403.4,789.8,159
7024684,7024684,1030.6,1588.5,974.9,135
7024685,7024685,1396.9,1954.8,1341.2,156
7024686,7024686,912.4,1470.3,856.8,153
7024687,7024687,154.3,958.3,885.0,156
7024688,7024688,336.6,1140.6,1067.3,189
7024689,7024689,478.4,36.8,1164.8,153
7024690,7024690,669.6,1524.9,1400.3,126
7024691,7024691,727.3,1234.8,1457.9,186
7024692,7024692,699.6,1426.9,1430.2,117
7024693,7024693,662.0,426.9,1348.4,198
7024694,7024694,760.1,1201.9,1490.8,126
7024695,7024695,726.1,491.0,1412.5,153
7024696,7024696,832.8,887.1,1563.4,141
7024697,7024697,806.6,571.4,1493.0,195
7024698,7024698,881.5,646.3,1567.8,99
7024699,7024699,852.3,583.6,1538.7,192
7024700,7024700,996.2,761.0,1682.6,189
7024701,7024701,1226.2,957.5,1912.6,210
7024702,7024702,1370.8,1135.6,2057.1,219
7024703,7024703,1823.7,1972.2,4006.7,183
7024704,7024704,1466.5,1343.9,1336.0,150
7024705,7024705,1650.6,943.4,1947.4,189
7024706,7024706,1002.4,505.8,1299.2,186
7024707,7024707,1287.0,579.8,1583.8,216
7024708,7024708,1893.9,1111.0,2190.7,153
7024709,7024709,1408.2,584.2,1704.9,126
7024710,7024710,1239.7,415.7,1536.5,117
7024711,7024711,2051.2,844.6,2347.9,183
7024712,7024712,1805.0,831.6,2101.7,174
7024713,7024713,1443.5,236.9,1740.3,159
7024714,7024714,2105.3,898.7,2402.1,186
7024715,7024715,2181.2,1075.7,2579.1,168
7024716,7024716,1992.6,808.4,2311.8,186
7024717,7024717,1916.2,1022.0,2525.4,198
7024718,7024718,1845.7,705.9,2209.3,105
7024719,7024719,957.1,815.8,1253.9,219
7024720,7024720,1073.4,841.0,1370.2,165
7024721,7024721,1332.3,557.3,1629.1,198
7024722,7024722,1182.7,666.9,1479.5,207
7024723,7024723,1506.4,575.7,1992.5,105
7024724,7024724,1265.6,978.9,1788.1,147
7024725,7024725,1391.4,690.7,1877.5,96
7024726,7024726,1273.6,851.3,2013.0,102
7024727,7024727,2185.2,2108.3,3548.0,168
7024728,7024728,2043.3,1484.9,2638.5,120
7024729,7024729,2158.7,1600.2,2753.9,96
7024730,7024730,1864.7,1945.8,3227.4,108
7024731,7024731,1818.7,1725.0,3128.0,120
7024732,7024732,2061.7,1668.1,2997.2,114
7024733,7024733,1874.0,1426.1,2829.1,144
7024734,7024734,1590.4,1377.3,1910.1,120
7024735,7024735,1854.7,1707.0,1799.1,165
7024736,7024736,1559.4,1411.7,1503.8,168
7024737,7024737,1679.7,1532.0,1624.0,96
7024738,7024738,1657.1,1509.4,1601.4,96
7024739,7024739,1447.9,1520.6,1746.1,264
7024740,7024740,1780.2,1632.5,1724.6,123
7024741,7024741,1537.4,1274.7,1481.8,183
7024742,7024742,1362.9,1436.2,1748.0,204
7024743,7024743,1454.8,1264.6,1839.9,132
7024744,7024744,1398.6,1194.3,1960.4,159
7024745,7024745,1724.7,1165.5,1751.1,171
7024746,7024746,1832.4,1191.2,1776.8,111
7024747,7024747,1580.0,1311.3,2266.3,165
7024748,7024748,897.1,1455.0,841.5,96
7024749,7024749,1381.1,1900.2,1325.5,198
7024750,7024750,1473.3,2031.2,1417.7,135
7024751,7024751,1679.5,1805.6,1623.8,171
7024752,7024752,1560.0,2117.8,1504.3,162
7024753,7024753,1669.7,1690.2,1614.1,111
7024754,7024754,1868.8,1994.9,1813.1,228
7024755,7024755,1383.5,1433.9,1327.9,96
7024756,7024756,1067.0,919.2,1011.3,171
7024757,7024757,1467.2,951.1,1411.6,186
7024758,7024758,1202.3,561.0,1146.6,246
7024759,7024759,1464.4,823.1,1408.8,171
7024760,7024760,1130.5,520.3,1074.8,282
7024761,7024761,2002.5,1392.4,1946.9,405
7024762,7024762,1401.4,207.0,3181.1,333
7024763,7024763,960.5,566.1,2740.3,237
7024764,7024764,1121.1,412.6,2900.8,138
7024765,7024765,813.5,763.6,2593.3,252
7024766,7024766,928.0,698.6,2707.8,147
7024767,7024767,692.6,1240.0,2875.6,162
7024768,7024768,550.4,1023.6,2659.2,297
7024769,7024769,382.3,1208.4,2541.3,102
7024770,7024770,371.6,1197.7,2530.6,129
7024771,7024771,299.3,1125.4,2458.3,183
7024772,7024772,469.4,1295.5,2628.4,165
7024773,7024773,263.7,1069.7,2402.6,192
7024774,7024774,1888.1,1194.7,3200.7,180
7024775,7024775,2287.6,1695.0,2811.7,186
7024776,7024776,2063.4,1419.1,1431.8,174
7024777,7024777,1882.2,1512.6,1751.7,102
7024778,7024778,1690.4,1046.1,1612.0,144
7024779,7024779,1226.9,1104.4,1096.4,126
7024780,7024780,1182.7,1060.1,1052.2,174
7024781,7024781,1124.5,1016.5,1199.6,237
7024782,7024782,735.9,613.3,605.4,189
7024783,7024783,1077.8,955.3,947.4,186
7024784,7024784,668.7,546.1,538.2,150
7024785,7024785,622.5,500.0,492.1,129
7024786,7024786,573.2,130.1,442.7,129
7024787,7024787,732.8,610.3,602.4,120
7024788,7024788,531.5,409.0,401.1,174
7024789,7024789,554.0,1068.4,850.8,162
7024790,7024790,289.0,803.3,585.8,132
7024791,7024791,632.8,849.8,929.6,189
7024792,7024792,322.6,836.9,619.4,141
7024793,7024793,859.8,674.0,1156.6,147
7024794,7024794,1183.8,638.2,1480.6,180
7024795,7024795,768.6,920.6,1065.3,210
7024796,7024796,355.9,443.0,59.2,171
7024797,7024797,518.8,605.9,222.1,135
7024798,7024798,499.9,873.2,489.4,84
7024799,7024799,337.3,851.6,634.1,207
7024800,7024800,869.9,1243.2,859.4,147
7024801,7024801,1180.4,1370.2,1402.2,150
7024802,7024802,598.1,1112.5,894.9,183
7024803,7024803,1012.5,1269.8,1044.4,135
7024804,7024804,1026.6,1210.6,1058.6,165
7024805,7024805,1017.7,1010.6,1314.5,174
7024806,7024806,1247.5,800.8,1485.0,105
7024807,7024807,1036.4,709.5,1333.2,162
7024808,7024808,1108.5,1101.4,1405.2,231
7024809,7024809,1214.5,1207.4,1511.2,117
7024810,7024810,1162.0,935.5,1458.7,162
7024811,7024811,1202.4,1121.8,1547.3,96
7024812,7024812,1042.5,942.5,1379.9,120
7024813,7024813,1109.2,662.5,1485.2,153
7024814,7024814,1076.7,921.7,1657.1,132
7024815,7024815,1221.4,1113.8,1636.5,198
7024816,7024816,1399.3,1392.2,1696.1,207
7024817,7024817,751.6,596.6,1670.8,201
7024818,7024818,698.6,741.6,1961.6,168
7024819,7024819,561.1,604.0,1824.1,261
7024820,7024820,307.9,605.1,1570.9,153
7024821,7024821,715.0,432.4,1365.3,174
7024822,7024822,432.8,730.0,1695.8,111
7024823,7024823,307.3,1224.8,2190.6,114
7024824,7024824,362.7,683.8,1514.6,138
7024825,7024825,310.7,1228.2,2194.0,102
7024826,7024826,193.9,1111.4,2077.2,135
7024827,7024827,358.8,1276.3,2242.1,135
7024828,7024828,1100.1,1397.3,2363.1,201
7024829,7024829,676.8,832.7,1828.7,153
7024830,7024830,1187.7,1484.9,2450.7,153
7024831,7024831,660.7,706.2,1812.6,210
7024832,7024832,793.1,747.5,1945.0,93
7024833,7024833,846.2,1424.1,2427.8,195
7024834,7024834,900.9,739.7,1885.0,111
7024835,7024835,938.4,448.1,1593.4,168
7024836,7024836,1526.8,1260.3,2663.3,99
7024837,7024837,1107.4,867.6,2091.5,144
7024838,7024838,1664.6,1178.9,2582.0,210
7024839,7024839,1529.4,266.0,1669.1,204
7024840,7024840,1257.1,1078.2,2241.2,165
7024841,7024841,1547.6,657.8,2060.8,162
7024842,7024842,1359.7,2026.1,1600.2,90
7024843,7024843,1330.5,1996.9,1571.0,105
7024844,7024844,1346.4,2012.8,1586.9,138
7024845,7024845,1618.2,1470.5,1562.5,141
7024846,7024846,415.9,1082.3,656.4,276
7024847,7024847,730.5,762.5,565.1,216
7024848,7024848,670.3,1083.0,493.7,243
7024849,7024849,798.8,215.6,743.1,261
7024850,7024850,527.2,390.4,471.5,129
7024851,7024851,1196.5,351.7,1140.8,237
7024852,7024852,681.2,782.0,504.7,219
7024853,7024853,777.5,455.4,601.0,270
7024854,7024854,881.7,319.4,932.7,264
7024855,7024855,855.1,503.4,906.1,213
7024856,7024856,897.3,807.2,720.7,135
7024857,7024857,1093.8,697.6,994.9,216
7024858,7024858,1765.5,1523.3,1588.9,357
7024859,7024859,1479.6,1312.6,1303.1,303
7024860,7024860,1956.0,2078.7,2771.5,393
7024861,7024861,610.2,1223.0,2030.1,246
7024862,7024862,445.4,1057.2,1968.2,216
7024863,7024863,647.6,744.2,1692.6,267
7024864,7024864,287.5,724.8,2232.2,213
7024865,7024865,3216.5,3365.1,5399.5,132
7024866,7024866,1946.3,2069.0,2423.8,117
7024867,7024867,1595.5,1718.2,2149.1,102
7024868,7024868,1735.2,1857.9,2288.8,162
7024869,7024869,1450.1,1774.9,1894.8,156
7024870,7024870,1647.8,2089.8,2092.5,102
7024871,7024871,1476.5,1817.2,2331.5,213
7024872,7024872,1461.1,1824.7,1763.3,138
7024873,7024873,1304.1,1644.9,1806.7,180
7024874,7024874,1400.7,1741.4,2199.7,99
7024875,7024875,1402.5,1743.2,2257.5,198
7024876,7024876,1480.7,1821.5,1983.3,198
7024877,7024877,1058.0,1398.8,1873.2,159
7024878,7024878,916.2,1257.0,1771.3,147
7024879,7024879,1302.9,1745.5,1241.5,162
7024880,7024880,856.8,1197.6,1454.5,195
7024881,7024881,937.1,1379.8,1239.4,138
7024882,7024882,1087.4,1530.1,1065.6,195
7024883,7024883,1329.2,1400.2,1204.1,150
7024884,7024884,1037.8,1480.4,725.2,129
7024885,7024885,1208.4,1279.5,879.8,108
7024886,7024886,2991.2,1053.2,2339.5,174
7024887,7024887,1244.4,1321.0,1749.3,126
7024888,7024888,1805.9,348.5,2318.6,123
7024889,7024889,1687.0,412.3,2199.6,108
7024890,7024890,1355.9,698.2,1868.5,144
7024891,7024891,1613.2,588.3,2658.8,123
7024892,7024892,1118.2,727.2,2453.4,207
7024893,7024893,1007.0,804.9,2680.9,120
7024894,7024894,1376.3,394.8,1888.9,138
7024895,7024895,657.7,1031.1,2225.2,114
7024896,7024896,1038.8,903.0,1907.3,201
7024897,7024897,750.4,1370.2,2267.9,171
7024898,7024898,856.4,1385.6,2283.4,159
7024899,7024899,1227.7,1119.8,1302.8,135
7024900,7024900,915.8,1273.9,2027.4,132
7024901,7024901,899.7,1257.9,2011.4,135
7024902,7024902,964.8,716.2,2617.8,126
7024903,7024903,478.6,1545.2,2298.7,183
7024904,7024904,703.4,977.6,2377.3,168
7024905,7024905,398.0,1414.1,2218.1,129
7024906,7024906,346.7,1413.4,2166.9,132
7024907,7024907,554.2,1552.0,2408.9,192
7024908,7024908,262.3,809.9,1485.3,129
7024909,7024909,233.4,781.0,1456.5,114
7024910,7024910,289.9,1346.0,2099.5,153
7024911,7024911,485.2,1541.3,2294.8,153
7024912,7024912,679.5,1601.9,2385.1,93
7024913,7024913,820.8,1518.5,2301.7,159
7024914,7024914,915.1,1612.8,2396.1,105
7024915,7024915,364.2,770.6,1713.9,99
7024916,7024916,352.3,771.4,1520.9,150
7024917,7024917,351.2,516.2,1519.9,159
7024918,7024918,850.2,742.2,1054.9,93
7024919,7024919,655.9,807.2,1119.8,168
7024920,7024920,471.4,683.1,995.7,138
7024921,7024921,575.8,578.7,891.3,123
7024922,7024922,375.6,686.8,999.4,159
7024923,7024923,741.0,624.9,937.6,180
7024924,7024924,908.7,929.3,1219.4,177
7024925,7024925,1026.5,886.9,831.8,132
7024926,7024926,857.5,992.1,1246.5,180
7024927,7024927,512.6,517.0,1350.0,132
7024928,7024928,511.0,136.2,1532.6,132
7024929,7024929,471.5,261.3,1458.7,144
7024930,7024930,304.3,309.4,1546.3,117
7024931,7024931,674.7,464.6,1351.4,201
7024932,7024932,274.2,364.2,1516.3,120
7024933,7024933,395.9,407.1,1637.9,168
7024934,7024934,277.3,588.7,1519.3,177
7024935,7024935,741.2,298.1,610.7,138
7024936,7024936,1096.3,749.9,1093.0,198
7024937,7024937,975.2,957.0,665.2,225
7024938,7024938,1040.5,1230.3,1262.3,171
7024939,7024939,1047.6,1237.3,1076.2,195
7024940,7024940,1188.1,741.3,1564.0,201
7024941,7024941,668.0,1062.3,1508.7,162
7024942,7024942,877.7,936.3,1470.7,126
7024943,7024943,767.5,1161.8,1343.8,129
7024944,7024944,1086.5,639.8,1405.8,138
7024945,7024945,1002.6,773.4,1213.4,186
7024946,7024946,1158.7,712.0,1024.6,162
7024947,7024947,1128.7,682.0,806.4,123
7024948,7024948,622.8,176.0,1537.9,210
7024949,7024949,940.1,782.2,1111.1,138
7024950,7024950,1431.6,1273.7,735.2,165
7024951,7024951,702.3,544.4,1106.3,117
7024952,7024952,550.7,396.4,1163.1,96
7024953,7024953,743.5,915.8,485.6,165
7024954,7024954,630.1,697.6,1280.4,135
7024955,7024955,523.1,917.4,1153.4,240
7024956,7024956,466.3,860.6,1037.0,309
7024957,7024957,1179.1,1021.2,558.2,162
7024958,7024958,962.2,1132.0,730.2,192
7024959,7024959,1452.0,1266.3,680.2,129
7024960,7024960,877.5,1049.8,133.5,162
7024961,7024961,875.3,681.3,746.9,132
7024962,7024962,986.1,1158.4,458.4,375
7024963,7024963,813.3,748.7,725.9,192
7024964,7024964,359.4,877.2,497.6,156
7024965,7024965,407.3,579.7,682.3,120
7024966,7024966,185.8,801.9,460.8,111
7024967,7024967,807.8,1005.6,1481.0,126
7024968,7024968,709.8,882.2,896.9,123
7024969,7024969,821.6,342.2,1145.7,216
7024970,7024970,1011.0,541.7,1457.3,171
7024971,7024971,1176.7,350.0,1316.4,192
7024972,7024972,571.0,337.1,672.2,207
7024973,7024973,816.6,50.1,956.2,75
7024974,7024974,1144.3,910.5,1142.6,246
7024975,7024975,820.8,756.1,595.4,126
7024976,7024976,388.1,503.9,515.6,123
7024977,7024977,726.4,492.5,886.6,234
7024978,7024978,823.6,1055.9,447.8,183
7024979,7024979,938.7,704.8,629.3,129
7024980,7024980,959.0,1428.2,583.2,126
7024981,7024981,1147.4,913.6,1101.2,135
7024982,7024982,986.1,1455.3,610.3,132
7024983,7024983,1253.4,1019.5,1207.1,177
7024984,7024984,1777.9,578.0,1909.9,3
7024985,7024985,1407.9,2017.1,1688.5,36
7024986,7024986,1453.1,1804.0,1077.3,84
7024987,7024987,824.0,1208.5,682.2,291
7024988,7024988,912.9,1125.3,736.4,243
7024989,7024989,1745.5,1578.5,1569.0,117
7024990,7024990,1660.0,1492.9,1483.4,156
7024991,7024991,2071.8,1904.7,1895.2,189
7024992,7024992,1923.2,2045.8,2313.9,138
7024993,7024993,1928.1,2050.8,2540.4,102
7024994,7024994,1730.8,1853.5,2546.3,120
7024995,7024995,1665.5,1788.2,2481.0,147
7024996,7024996,1531.6,1654.3,2347.1,165
7024997,7024997,1288.3,1411.0,2103.7,198
7024998,7024998,1440.0,1562.7,2255.5,141
7024999,7024999,1019.8,1142.5,1835.3,138
7025000,7025000,890.2,1012.8,1705.6,189
7025001,7025001,2263.2,2385.8,2527.8,150
7025002,7025002,2033.8,2156.5,2601.2,186
7025003,7025003,2098.9,2221.6,2439.8,108
7025004,7025004,1856.6,1979.3,2584.9,117
7025005,7025005,1794.1,1916.8,2361.5,168
7025006,7025006,1390.5,1513.2,2205.9,123
7025007,7025007,1337.8,1460.5,2359.6,114
7025008,7025008,1868.9,1991.5,2436.3,402
7025009,7025009,687.2,809.9,1502.7,156
7025010,7025010,991.0,1113.6,1313.6,189
7025011,7025011,807.3,1249.9,868.6,204
7025012,7025012,1043.1,1485.7,391.4,156
7025013,7025013,930.3,1053.0,1745.8,135
7025014,7025014,1371.3,1675.7,1816.1,135
7025015,7025015,858.1,980.8,1668.9,117
7025016,7025016,648.8,1091.4,1329.5,141
7025017,7025017,880.3,1357.5,1561.0,186
7025018,7025018,295.7,642.4,1106.4,210
7025019,7025019,282.8,725.4,963.5,141
7025020,7025020,526.4,969.1,971.2,192
7025021,7025021,578.5,1021.2,880.8,117
7025022,7025022,770.6,1213.2,1072.9,138
7025023,7025023,507.2,629.8,1317.9,129
7025024,7025024,474.7,597.4,1285.5,102
7025025,7025025,754.9,1197.5,816.2,174
7025026,7025026,640.0,1082.7,942.3,156
7025027,7025027,1217.8,1660.4,905.2,117
7025028,7025028,528.7,971.4,831.0,159
7025029,7025029,1125.6,1568.2,813.0,159
7025030,7025030,1035.5,1478.2,722.9,117
7025031,7025031,1258.4,1701.0,710.8,288
7025032,7025032,1557.6,1205.2,1010.1,165
7025033,7025033,1497.5,1881.6,950.0,165
7025034,7025034,2309.7,1254.2,1740.1,171
7025035,7025035,2107.7,1316.7,1560.1,144
7025036,7025036,2284.0,727.1,1632.3,165
7025037,7025037,2487.8,549.8,1836.0,147
7025038,7025038,1984.5,1261.6,1332.7,156
7025039,7025039,1778.9,360.3,1127.2,168
7025040,7025040,2471.8,533.8,1820.0,168
7025041,7025041,2281.3,343.3,1629.6,171
7025042,7025042,2509.2,369.9,1857.4,198
7025043,7025043,1706.6,1411.6,1377.5,132
7025044,7025044,1558.5,1263.4,1229.3,195
7025045,7025045,1431.3,1136.2,1102.2,141
7025046,7025046,1930.1,1635.0,1600.9,180
7025047,7025047,1000.0,864.2,736.4,153
7025048,7025048,1316.5,1160.2,1275.9,168
7025049,7025049,1073.5,795.3,1149.3,168
7025050,7025050,1192.2,1268.8,1697.1,177
7025051,7025051,508.2,712.5,224.1,219
7025052,7025052,744.4,664.8,893.0,156
7025053,7025053,616.7,569.9,766.8,120
7025054,7025054,860.9,1074.2,1779.1,144
7025055,7025055,1108.3,838.6,1584.8,213
7025056,7025056,623.9,329.9,1083.4,132
7025057,7025057,850.9,758.5,1504.7,132
7025058,7025058,914.3,620.3,1373.8,198
7025059,7025059,366.2,289.2,1042.7,108
7025060,7025060,530.0,327.4,680.1,195
7025061,7025061,678.3,212.3,965.7,180
7025062,7025062,391.2,550.1,1303.6,201
7025063,7025063,706.8,435.1,1098.3,174
7025064,7025064,486.5,655.4,1318.6,141
7025065,7025065,311.0,944.4,1697.9,147
7025066,7025066,463.5,1073.6,1827.1,120
7025067,7025067,404.3,1058.3,1811.8,171
7025068,7025068,892.7,757.5,999.6,231
7025069,7025069,1010.4,1180.3,1026.1,138
7025070,7025070,856.7,1026.6,872.4,147
7025071,7025071,864.5,1034.4,880.3,165
7025072,7025072,764.4,1024.1,1964.1,111
7025073,7025073,719.3,979.0,1919.0,210
7025074,7025074,1146.6,1406.2,2201.4,105
7025075,7025075,472.2,668.2,1728.7,204
7025076,7025076,736.3,996.0,1468.8,165
7025077,7025077,580.4,776.4,1510.2,102
7025078,7025078,690.0,1514.5,2196.8,114
7025079,7025079,480.2,676.2,1496.4,180
7025080,7025080,626.3,1250.7,1909.1,135
7025081,7025081,669.4,1493.9,2176.2,114
7025082,7025082,1181.9,1149.5,1763.5,126
7025083,7025083,749.6,1156.0,1939.3,108
7025084,7025084,1259.6,956.8,1570.8,150
7025085,7025085,1156.4,803.9,1418.0,162
7025086,7025086,480.3,886.7,1830.0,177
7025087,7025087,1036.2,391.0,1635.0,120
7025088,7025088,492.7,374.8,1661.3,123
7025089,7025089,744.5,817.1,999.9,159
7025090,7025090,565.9,638.5,1346.3,156
7025091,7025091,391.7,464.3,1172.2,93
7025092,7025092,553.1,393.9,1350.3,102
7025093,7025093,473.8,546.5,826.8,195
7025094,7025094,607.9,448.7,1405.1,180
7025095,7025095,574.0,588.8,1371.2,180
7025096,7025096,425.4,440.2,1000.6,165
7025097,7025097,459.9,474.6,741.2,177
7025098,7025098,584.3,599.1,862.6,162
7025099,7025099,646.9,790.2,676.2,207
7025100,7025100,612.2,305.5,1854.3,141
7025101,7025101,629.6,644.4,1426.7,90
7025102,7025102,829.1,843.8,1626.2,174
7025103,7025103,821.2,835.9,1618.3,111
7025104,7025104,829.5,844.3,1626.7,216
7025105,7025105,635.5,893.3,1543.8,174
7025106,7025106,773.3,922.1,1704.5,147
7025107,7025107,641.4,1035.8,1096.6,144
7025108,7025108,664.9,1059.2,1120.1,120
7025109,7025109,582.1,976.4,1037.2,141
7025110,7025110,538.6,796.5,1470.0,153
7025111,7025111,717.0,974.9,1462.9,495
7025112,7025112,950.9,1314.1,735.1,474
7025113,7025113,533.4,791.3,1588.0,132
7025114,7025114,626.9,338.3,1039.8,147
7025115,7025115,785.7,497.0,1198.6,558
7025116,7025116,552.2,263.6,1005.8,171
7025117,7025117,556.9,646.0,659.2,168
7025118,7025118,608.1,319.5,1034.6,216
7025119,7025119,631.1,342.5,926.2,123
7025120,7025120,578.2,658.4,490.7,183
7025121,7025121,607.3,434.7,932.5,249
7025122,7025122,887.6,598.9,1414.6,168
7025123,7025123,243.1,608.1,649.2,186
7025124,7025124,520.7,620.2,769.7,129
7025125,7025125,556.8,580.1,805.8,111
7025126,7025126,494.0,1028.9,354.5,132
7025127,7025127,832.2,828.5,1089.5,210
7025128,7025128,558.6,936.8,541.9,237
7025129,7025129,465.4,761.9,403.0,180
7025130,7025130,749.4,1153.9,489.2,186
7025131,7025131,542.9,947.4,294.5,204
7025132,7025132,890.3,1358.2,432.8,186
7025133,7025133,721.3,1125.8,147.3,81
7025134,7025134,829.5,1203.1,569.3,279
7025135,7025135,696.6,1101.1,122.6,165
7025136,7025136,1451.8,1439.1,1263.7,219
7025137,7025137,877.7,1346.9,501.9,93
7025138,7025138,1259.2,1663.7,720.3,159
7025139,7025139,1512.0,1499.3,1323.9,96
7025140,7025140,1595.4,1276.8,1088.7,213
7025141,7025141,1121.2,1525.7,582.3,138
7025142,7025142,1228.9,1633.4,689.9,117
7025143,7025143,1594.4,1434.6,1055.4,12
7025144,7025144,2065.0,2126.5,1619.8,93
7025145,7025145,1431.5,1426.4,3494.4,171
7025146,7025146,1335.2,1330.0,3444.8,138
7025147,7025147,1443.1,1383.4,3255.8,153
7025148,7025148,1143.0,1137.9,3155.4,174
7025149,7025149,1435.2,1086.0,2958.4,150
7025150,7025150,1512.6,1163.5,2860.2,162
7025151,7025151,1546.5,630.2,2943.1,165
7025152,7025152,1612.5,632.2,3075.1,171
7025153,7025153,1982.2,1590.5,2549.6,195
7025154,7025154,1685.8,1687.7,2253.2,261
7025155,7025155,1793.5,1916.2,2116.1,174
7025156,7025156,1362.4,1485.1,1685.1,156
7025157,7025157,1613.9,1736.6,1595.4,126
7025158,7025158,1578.0,2060.2,1827.3,168
7025159,7025159,1695.8,2205.4,1945.0,156
7025160,7025160,2625.9,1879.6,1974.2,123
7025161,7025161,2462.6,1716.3,1810.8,150
7025162,7025162,1708.8,1318.5,1057.0,144
7025163,7025163,1811.7,1309.6,1160.0,156
7025164,7025164,2036.6,1290.3,1384.9,156
7025165,7025165,2786.3,2040.1,2134.6,126
7025166,7025166,3781.9,1720.6,3130.2,267
7025167,7025167,5601.5,3663.5,4949.7,144
7025168,7025168,2669.4,530.2,2017.7,204
7025169,7025169,702.0,124.2,1197.6,180
7025170,7025170,854.8,668.7,1338.7,111
7025171,7025171,423.2,488.6,918.8,159
7025172,7025172,634.6,783.9,1149.0,198
7025173,7025173,221.4,868.5,473.9,216
7025174,7025174,372.7,691.3,625.3,105
7025175,7025175,223.6,747.5,476.2,177
7025176,7025176,464.5,809.7,890.0,120
7025177,7025177,722.5,742.5,805.7,87
7025178,7025178,737.0,538.9,887.1,219
7025179,7025179,509.2,916.4,1288.8,114
7025180,7025180,788.5,810.7,1094.8,153
7025181,7025181,546.5,767.1,1430.3,159
7025182,7025182,353.5,698.6,823.4,105
7025183,7025183,418.6,1095.9,1220.6,90
7025184,7025184,417.0,1094.2,1219.0,111
7025185,7025185,693.4,1013.0,1118.9,153
7025186,7025186,517.1,1194.4,1319.1,159
7025187,7025187,727.7,1405.0,1529.7,81
7025188,7025188,932.8,1425.5,1555.8,108
7025189,7025189,614.8,1292.1,1416.8,123
7025190,7025190,1166.1,973.6,1421.1,141
7025191,7025191,769.4,1185.2,1425.1,192
7025192,7025192,404.6,642.8,1710.4,228
7025193,7025193,1082.3,820.2,1634.5,120
7025194,7025194,854.6,592.5,1574.5,150
7025195,7025195,1253.2,991.1,1555.5,159
7025196,7025196,438.5,3.1,1416.1,123
7025197,7025197,739.5,477.4,1459.4,144
7025198,7025198,1262.3,929.3,1361.0,111
7025199,7025199,313.1,128.5,1368.2,93
7025200,7025200,399.2,595.2,1262.9,129
7025201,7025201,1074.7,871.5,1173.3,177
7025202,7025202,729.7,486.8,932.5,114
7025203,7025203,612.9,477.7,1020.5,117
7025204,7025204,841.8,643.3,940.5,177
7025205,7025205,944.2,837.1,960.0,84
7025206,7025206,946.6,811.5,985.6,240
7025207,7025207,652.3,830.1,668.1,171
7025208,7025208,856.8,986.3,872.5,174
7025209,7025209,1033.4,830.2,1132.0,168
7025210,7025210,1190.1,816.4,1288.8,201
7025211,7025211,841.0,937.4,939.6,129
7025212,7025212,1035.9,862.6,1159.9,135
7025213,7025213,461.8,1076.2,560.4,117
7025214,7025214,1145.6,1158.0,1244.3,144
7025215,7025215,341.4,1173.7,397.9,135
7025216,7025216,524.8,970.0,623.5,144
7025217,7025217,209.6,1064.1,308.2,183
7025218,7025218,642.9,998.2,741.6,192
7025219,7025219,320.7,972.0,336.4,156
7025220,7025220,775.1,908.8,873.8,120
7025221,7025221,708.8,833.6,807.5,117
7025222,7025222,371.8,893.9,253.0,153
7025223,7025223,516.5,496.3,397.7,114
7025224,7025224,748.2,915.5,777.6,159
7025225,7025225,468.7,748.2,498.1,117
7025226,7025226,563.1,842.6,592.5,120
7025227,7025227,328.1,607.5,357.4,93
7025228,7025228,643.9,117.6,514.5,111
7025229,7025229,311.4,340.8,182.1,183
7025230,7025230,223.8,624.3,461.3,186
7025231,7025231,993.1,398.8,1015.6,228
7025232,7025232,617.3,956.0,536.5,141
7025233,7025233,1076.4,811.6,957.6,144
7025234,7025234,411.3,711.9,292.5,96
7025235,7025235,1057.5,792.8,938.7,174
7025236,7025236,1142.5,654.9,1241.1,111
7025237,7025237,1316.0,1119.6,1186.6,162
7025238,7025238,1071.4,974.4,1107.9,102
7025239,7025239,588.0,61.8,458.7,132
7025240,7025240,880.8,684.4,751.4,177
7025241,7025241,951.1,734.8,821.7,159
7025242,7025242,1205.8,816.3,1076.4,168
7025243,7025243,918.5,172.3,789.1,237
7025244,7025244,968.6,692.0,1308.8,129
7025245,7025245,721.1,877.0,1213.7,156
7025246,7025246,712.1,583.7,1096.7,141
7025247,7025247,730.8,602.4,1115.4,168
7025248,7025248,690.1,561.6,1074.6,144
7025249,7025249,662.7,534.3,1047.3,102
7025250,7025250,786.5,658.0,1171.0,195
7025251,7025251,446.6,318.2,831.2,123
7025252,7025252,574.2,445.0,958.8,102
7025253,7025253,249.1,357.4,298.1,138
7025254,7025254,369.7,423.4,754.2,195
7025255,7025255,184.8,567.3,608.3,234
7025256,7025256,279.3,643.9,684.9,126
7025257,7025257,472.2,267.6,596.3,165
7025258,7025258,238.1,346.4,343.1,138
7025259,7025259,346.8,540.2,390.8,156
7025260,7025260,294.8,291.1,679.4,300
7025261,7025261,326.0,322.3,710.6,171
7025262,7025262,739.7,735.9,932.8,126
7025263,7025263,568.4,564.6,952.9,210
7025264,7025264,440.4,506.8,564.5,135
7025265,7025265,389.0,455.4,513.1,183
7025266,7025266,653.7,649.9,905.4,282
7025267,7025267,769.4,665.5,1021.1,201
7025268,7025268,508.9,336.0,633.0,252
7025269,7025269,897.6,893.8,1129.9,183
7025270,7025270,795.2,791.5,1046.9,147
7025271,7025271,657.1,244.4,785.3,255
7025272,7025272,934.2,630.7,1171.7,90
7025273,7025273,970.4,666.9,1207.9,147
7025274,7025274,837.7,332.6,958.3,132
7025275,7025275,1072.7,862.4,1208.8,225
7025276,7025276,1060.8,1966.7,2732.5,165
7025277,7025277,1034.9,2303.4,3110.8,168
7025278,7025278,919.1,1736.7,2544.1,135
7025279,7025279,431.4,1249.0,2183.6,195
7025280,7025280,925.1,1860.6,2668.1,204
7025281,7025281,895.0,889.8,3305.5,204
7025282,7025282,941.6,936.4,3352.1,108
7025283,7025283,1005.6,1000.4,3077.6,201
7025284,7025284,314.0,1131.7,2400.3,168
7025285,7025285,483.2,309.2,2893.8,105
7025286,7025286,714.3,417.1,3124.8,165
7025287,7025287,712.0,180.2,2998.0,111
7025288,7025288,753.2,1152.2,3163.7,183
7025289,7025289,1034.5,511.1,3306.1,225
7025290,7025290,1008.0,918.5,3418.6,177
7025291,7025291,1565.4,966.5,3736.0,129
7025292,7025292,1355.4,439.1,3134.3,195
7025293,7025293,1119.6,547.0,3391.2,183
7025294,7025294,1429.9,830.9,3600.5,141
7025295,7025295,1354.0,164.7,3449.8,210
7025296,7025296,1385.4,140.0,3481.2,189
7025297,7025297,1405.5,216.1,3501.3,156
7025298,7025298,1668.5,423.2,3732.3,189
7025299,7025299,1721.0,475.6,3231.6,195
7025300,7025300,1825.8,580.5,3889.7,141
7025301,7025301,1758.5,513.2,3426.7,183
7025302,7025302,1358.2,687.8,3197.1,120
7025303,7025303,1074.2,1219.5,3107.3,123
7025304,7025304,998.1,1266.6,3031.1,174
7025305,7025305,3593.1,3250.2,4611.1,108
7025306,7025306,5213.7,3152.4,4562.0,138
7025307,7025307,4873.1,2811.8,4221.4,231
7025308,7025308,1093.1,873.7,1307.5,153
7025309,7025309,1000.1,814.1,1484.0,102
7025310,7025310,964.7,778.6,1448.6,84
7025311,7025311,999.9,868.4,1313.9,141
7025312,7025312,1127.2,995.8,1395.1,225
7025313,7025313,567.8,688.3,982.8,84
7025314,7025314,836.2,1093.3,664.8,228
7025315,7025315,547.5,1224.8,1063.2,141
7025316,7025316,912.6,1432.0,643.3,159
7025317,7025317,779.8,797.8,902.3,198
7025318,7025318,596.7,638.5,719.2,186
7025319,7025319,1034.7,1473.2,519.3,36
7025320,7025320,674.0,1211.9,694.1,87
7025321,7025321,304.6,981.9,1106.6,117
7025322,7025322,784.1,1461.4,1187.7,165
7025323,7025323,865.4,1467.0,825.6,228
7025324,7025324,886.0,1554.9,1234.4,153
7025325,7025325,1229.7,961.5,1070.7,99
7025326,7025326,955.9,867.7,796.9,114
7025327,7025327,953.2,870.4,794.2,126
7025328,7025328,514.5,1202.9,968.3,147
7025329,7025329,1045.5,659.5,1005.1,186
7025330,7025330,1225.2,674.8,1408.1,108
7025331,7025331,430.0,1118.4,1076.4,120
7025332,7025332,460.4,491.4,1433.5,135
7025333,7025333,823.1,437.1,1475.4,141
7025334,7025334,1339.2,852.4,1437.8,159
7025335,7025335,1164.5,614.2,1537.7,123
7025336,7025336,1161.2,610.8,1366.7,111
7025337,7025337,1067.0,893.7,1191.1,96
7025338,7025338,727.8,758.3,1163.7,126
7025339,7025339,608.0,638.6,1299.7,177
7025340,7025340,726.5,491.8,1169.0,165
7025341,7025341,374.9,635.0,1348.1,153
7025342,7025342,587.2,195.4,1469.2,129
7025343,7025343,848.2,1160.6,1893.0,186
7025344,7025344,790.1,1102.4,1815.6,156
7025345,7025345,724.3,1118.5,2008.9,129
7025346,7025346,707.9,518.7,1493.9,210
7025347,7025347,596.1,800.5,1555.9,120
7025348,7025348,773.9,804.4,949.3,117
7025349,7025349,409.0,681.8,1622.7,168
7025350,7025350,487.5,881.7,1939.0,162
7025351,7025351,455.9,850.1,1992.4,147
7025352,7025352,587.7,832.7,1588.2,219
7025353,7025353,227.7,619.4,1374.8,132
7025354,7025354,235.2,629.4,1771.7,141
7025355,7025355,407.7,801.8,1438.8,186
7025356,7025356,962.1,468.0,1748.1,195
7025357,7025357,804.4,310.3,1343.6,108
7025358,7025358,1012.8,518.8,1584.5,102
7025359,7025359,1046.9,552.8,1445.3,216
7025360,7025360,1317.7,1008.3,1188.3,162
7025361,7025361,1259.7,1036.6,1364.7,168
7025362,7025362,756.0,783.8,1554.8,252
7025363,7025363,1071.2,716.0,1140.8,168
7025364,7025364,1333.0,978.9,1721.5,171
7025365,7025365,1519.4,1142.7,1789.0,144
7025366,7025366,1355.9,1001.8,1744.4,102
7025367,7025367,1351.8,996.6,1421.4,138
7025368,7025368,930.1,1249.7,1416.5,132
7025369,7025369,1197.9,1408.6,1808.6,174
7025370,7025370,761.1,1322.5,1459.1,210
7025371,7025371,1235.1,1038.7,1105.7,147
7025372,7025372,694.3,1566.5,1392.2,138
7025373,7025373,331.0,1553.8,1028.9,81
7025374,7025374,661.4,1994.9,1470.1,123
7025375,7025375,894.4,2014.5,1709.0,144
7025376,7025376,504.4,1727.2,1202.4,84
7025377,7025377,610.4,1943.9,1419.1,114
7025378,7025378,503.0,1725.8,1200.9,150
7025379,7025379,313.7,1841.7,1189.5,138
7025380,7025380,180.4,1213.9,850.2,141
7025381,7025381,308.8,956.3,592.5,117
7025382,7025382,59.8,1025.7,662.0,135
7025383,7025383,342.3,878.0,514.3,45
7025384,7025384,727.8,1211.8,991.6,6
7025385,7025385,1075.2,2205.8,1842.1,135
7025386,7025386,1358.6,2489.2,2125.5,162
7025387,7025387,310.1,1347.6,1077.0,258
7025388,7025388,353.1,1247.4,1106.8,123
7025389,7025389,379.9,1271.3,1145.2,156
7025390,7025390,386.6,937.8,1004.6,222
7025391,7025391,123.9,728.2,769.2,330
7025392,7025392,248.4,852.7,893.7,138
7025393,7025393,470.6,779.1,845.9,186
7025394,7025394,606.2,874.0,939.3,246
7025395,7025395,320.4,685.0,726.0,198
7025396,7025396,654.0,718.2,785.0,117
7025397,7025397,438.4,502.6,832.5,126
7025398,7025398,741.8,806.1,631.8,147
7025399,7025399,599.9,664.1,685.1,168
7025400,7025400,639.8,704.0,872.9,156
7025401,7025401,785.2,849.4,675.2,147
7025402,7025402,910.0,976.3,634.5,204
7025403,7025403,1225.8,1260.4,208.2,33
7025404,7025404,1343.0,1328.2,1421.0,87
7025405,7025405,1496.0,887.6,595.0,144
7025406,7025406,1609.1,781.8,722.7,213
7025407,7025407,1496.7,590.8,1031.3,132
7025408,7025408,1571.0,685.3,1156.8,225
7025409,7025409,1413.4,1107.4,1579.0,219
7025410,7025410,1106.6,776.5,1248.1,204
7025411,7025411,852.4,1600.2,2071.8,168
7025412,7025412,665.4,1483.1,2165.7,111
7025413,7025413,693.6,1441.4,1913.0,126
7025414,7025414,543.3,1361.0,2035.4,105
7025415,7025415,1321.7,1545.0,1675.8,147
7025416,7025416,1353.4,1211.6,1342.4,144
7025417,7025417,1172.6,1787.9,2095.8,123
7025418,7025418,1041.1,1656.4,1964.4,231
7025419,7025419,1304.5,1293.9,1451.9,120
7025420,7025420,1304.7,1293.7,1451.7,138
7025421,7025421,350.1,1167.7,1965.1,126
7025422,7025422,1251.5,1227.4,1627.4,180
7025423,7025423,1179.1,1022.8,1168.0,189
7025424,7025424,744.2,1230.8,2165.1,165
7025425,7025425,915.5,905.1,1841.3,144
7025426,7025426,596.9,1414.5,2422.7,108
7025427,7025427,751.2,1289.8,2224.1,195
7025428,7025428,1448.6,858.5,1437.5,132
7025429,7025429,581.4,1031.4,2035.7,222
7025430,7025430,891.2,1003.7,1940.0,90
7025431,7025431,987.2,925.9,1930.1,195
7025432,7025432,1286.7,390.4,1331.7,165
7025433,7025433,1271.8,341.1,1282.3,213
7025434,7025434,1163.1,492.8,2526.5,165
7025435,7025435,1138.6,468.3,2714.5,129
7025436,7025436,1185.4,949.5,2388.5,93
7025437,7025437,1157.3,858.5,2706.7,222
7025438,7025438,1171.0,935.1,2374.1,99
7025439,7025439,1034.2,798.3,2018.1,150
7025440,7025440,706.0,816.9,2255.9,132
7025441,7025441,1127.1,930.2,2677.1,192
7025442,7025442,1118.3,921.4,2668.3,99
7025443,7025443,779.9,1048.4,2678.2,153
7025444,7025444,806.1,570.1,1740.6,144
7025445,7025445,504.6,773.1,2537.7,237
7025446,7025446,291.7,560.1,2307.6,129
7025447,7025447,510.8,797.1,2236.1,168
7025448,7025448,352.2,620.6,2385.2,222
7025449,7025449,749.8,1018.3,2782.8,132
7025450,7025450,469.1,737.6,2502.2,159
7025451,7025451,1319.6,1083.7,2522.7,183
7025452,7025452,1508.4,1272.4,2711.4,156
7025453,7025453,1316.1,1080.2,2519.2,111
7025454,7025454,1136.1,900.1,2339.1,177
7025455,7025455,1519.3,1283.3,2644.2,189
7025456,7025456,2777.5,2530.2,3891.0,189
7025457,7025457,2340.8,2215.4,3974.1,120
7025458,7025458,3174.1,2831.2,4192.0,138
7025459,7025459,3027.8,2684.9,4045.7,147
7025460,7025460,3290.4,2947.5,4308.3,144
7025461,7025461,2810.8,2685.3,4444.0,171
7025462,7025462,3118.7,2775.8,4136.7,120
7025463,7025463,3305.5,2962.6,4323.4,216
7025464,7025464,3878.5,3535.6,4896.4,141
7025465,7025465,3613.6,3270.7,4631.5,168
7025466,7025466,3873.0,3530.2,4891.0,156
7025467,7025467,3823.1,3480.2,4841.0,108
7025468,7025468,1149.5,670.0,1580.2,144
7025469,7025469,1713.1,837.8,2083.3,171
7025470,7025470,782.4,544.2,1043.9,186
7025471,7025471,1027.2,230.2,1397.4,201
7025472,7025472,1506.3,631.0,1876.4,207
7025473,7025473,402.2,831.2,524.7,183
7025474,7025474,704.3,332.4,1074.5,162
7025475,7025475,1461.9,586.6,1832.0,183
7025476,7025476,491.2,253.1,861.4,117
7025477,7025477,563.3,470.0,933.5,168
7025478,7025478,194.9,501.8,565.1,198
7025479,7025479,755.8,1194.3,955.7,66
7025480,7025480,369.5,807.9,313.2,147
7025481,7025481,403.0,841.4,346.7,99
7025482,7025482,859.9,1289.8,1059.8,291
7025483,7025483,745.7,1184.2,603.2,216
7025484,7025484,545.1,951.1,770.3,162
7025485,7025485,1030.7,1373.7,1250.0,90
7025486,7025486,703.3,959.9,1153.9,123
7025487,7025487,483.2,826.2,884.0,174
7025488,7025488,633.2,976.2,1083.8,174
7025489,7025489,225.9,718.5,1270.7,138
7025490,7025490,798.0,145.3,1564.9,168
7025491,7025491,995.4,129.9,1762.3,120
7025492,7025492,225.8,718.6,1270.5,108
7025493,7025493,682.2,530.5,1554.1,189
7025494,7025494,427.0,516.2,1471.8,177
7025495,7025495,1294.5,968.1,1897.8,135
7025496,7025496,1081.9,659.8,1872.7,138
7025497,7025497,1168.6,842.3,1805.7,150
7025498,7025498,731.6,795.8,1550.2,216
7025499,7025499,869.3,777.0,1564.9,159
7025500,7025500,738.9,1129.9,1434.6,144
7025501,7025501,491.5,948.8,1187.1,147
7025502,7025502,373.9,833.5,1069.6,138
7025503,7025503,111.6,883.2,807.2,123
7025504,7025504,356.4,896.2,1401.2,207
7025505,7025505,571.6,884.0,1597.1,174
7025506,7025506,612.9,915.0,1427.7,150
7025507,7025507,681.1,1075.3,1709.4,123
7025508,7025508,881.3,1275.5,1965.6,153
7025509,7025509,432.1,826.3,1968.6,141
7025510,7025510,155.6,504.5,428.5,96
7025511,7025511,399.6,827.9,1015.7,159
7025512,7025512,350.1,263.1,398.3,129
7025513,7025513,720.4,507.1,1143.4,183
7025514,7025514,530.7,260.1,437.8,168
7025515,7025515,476.7,676.9,366.8,198
7025516,7025516,733.3,148.5,781.5,144
7025517,7025517,593.8,552.2,483.9,174
7025518,7025518,987.7,629.5,738.4,93
7025519,7025519,858.8,647.8,609.5,174
7025520,7025520,792.5,416.7,553.1,117
7025521,7025521,1212.9,716.7,1070.3,159
7025522,7025522,1077.1,576.4,968.2,177
7025523,7025523,1140.9,673.2,1065.0,117
7025524,7025524,1347.3,1162.1,1568.7,78
7025525,7025525,929.9,884.2,1276.0,144
7025526,7025526,689.0,858.6,1250.4,108
7025527,7025527,965.8,469.6,894.3,159
7025528,7025528,1616.1,1066.8,1473.4,150
7025529,7025529,1533.3,1169.8,1576.5,156
7025530,7025530,1327.8,1104.0,1510.6,174
7025531,7025531,1517.3,1963.0,2284.1,39
7025532,7025532,609.1,1739.6,1375.9,201
7025533,7025533,559.6,1690.2,1326.4,177
7025534,7025534,1031.9,2162.5,1798.7,156
7025535,7025535,1079.9,2210.5,1846.7,189
7025536,7025536,1313.0,2443.6,2079.9,111
7025537,7025537,1443.6,2081.0,1793.0,153
7025538,7025538,1074.8,1383.1,1291.7,123
7025539,7025539,1336.9,769.0,1619.9,9
7025540,7025540,749.6,1001.0,1274.0,0
7025541,7025541,1570.6,664.6,1070.0,0
7025542,7025542,1049.3,478.4,1619.5,207
7025543,7025543,1426.2,653.2,1504.1,120
7025544,7025544,1025.9,310.7,1683.6,189
7025545,7025545,1146.3,240.3,1322.4,219
7025546,7025546,1063.6,275.5,1648.4,171
7025547,7025547,1029.1,123.2,1379.0,192
7025548,7025548,735.3,224.4,1576.2,177
7025549,7025549,1126.7,862.8,1794.7,195
7025550,7025550,718.3,757.5,1747.7,159
7025551,7025551,485.2,736.5,1570.2,171
7025552,7025552,728.7,562.1,1828.7,162
7025553,7025553,501.8,753.2,1601.8,132
7025554,7025554,561.4,667.8,1661.3,102
7025555,7025555,364.2,615.5,1464.1,189
7025556,7025556,666.7,831.5,1766.6,138
7025557,7025557,1287.1,783.3,1429.1,123
7025558,7025558,415.4,758.5,1084.2,126
7025559,7025559,332.6,675.7,1139.2,177
7025560,7025560,846.6,1274.6,1029.4,126
7025561,7025561,1009.2,1327.5,1191.9,111
7025562,7025562,312.8,740.8,839.3,219
7025563,7025563,1103.2,1066.3,1092.1,114
7025564,7025564,403.9,831.9,680.4,123
7025565,7025565,767.0,1195.0,949.7,231
7025566,7025566,744.7,1172.7,818.2,156
7025567,7025567,729.5,1252.8,504.7,228
7025568,7025568,617.9,1134.9,393.0,162
7025569,7025569,460.4,787.5,449.3,168
7025570,7025570,116.5,1067.2,220.5,201
7025571,7025571,1151.3,932.2,1140.2,237
7025572,7025572,388.2,1137.6,528.7,138
7025573,7025573,998.0,857.2,986.9,132
7025574,7025574,891.8,669.5,880.7,108
7025575,7025575,754.6,652.2,740.4,210
7025576,7025576,463.0,1066.3,451.9,210
7025577,7025577,1041.3,351.0,1030.3,138
7025578,7025578,666.7,587.9,749.8,189
7025579,7025579,850.2,771.4,933.4,138
7025580,7025580,624.6,755.1,707.8,180
7025581,7025581,757.1,678.3,840.2,108
7025582,7025582,662.5,432.5,745.7,192
7025583,7025583,987.2,122.5,1070.4,156
7025584,7025584,756.9,620.3,986.1,150
7025585,7025585,875.3,639.4,1486.3,84
7025586,7025586,1064.7,828.7,1773.4,162
7025587,7025587,478.6,1100.3,707.9,165
7025588,7025588,704.6,1089.4,933.8,105
7025589,7025589,823.3,872.7,1052.6,153
7025590,7025590,741.4,635.8,970.6,120
7025591,7025591,964.3,829.7,1193.5,129
7025592,7025592,933.5,755.2,1162.7,87
7025593,7025593,1032.4,1081.8,1261.7,207
7025594,7025594,1159.6,703.5,1408.7,132
7025595,7025595,998.1,772.9,1528.6,162
7025596,7025596,1060.6,835.4,1591.1,138
7025597,7025597,1242.5,786.3,1492.8,156
7025598,7025598,1487.9,1041.3,1717.1,189
7025599,7025599,780.5,1121.6,1877.3,117
7025600,7025600,1052.2,1313.9,2069.6,213
7025601,7025601,1016.2,1349.9,2105.6,129
7025602,7025602,1560.6,1374.1,2415.0,159
7025603,7025603,1579.1,1392.6,2433.5,90
7025604,7025604,1441.8,1635.7,2676.6,180
7025605,7025605,1113.3,1745.7,2545.6,141
7025606,7025606,1497.3,1990.9,2929.6,147
7025607,7025607,1679.0,2172.7,3111.3,129
7025608,7025608,661.9,425.9,1864.9,126
7025609,7025609,921.0,685.0,2124.0,102
7025610,7025610,1314.1,1078.2,2439.0,126
7025611,7025611,1732.3,1496.4,2857.2,150
7025612,7025612,1374.2,1138.3,2499.1,150
7025613,7025613,1695.5,1459.5,2820.4,123
7025614,7025614,1980.3,1812.0,3172.8,141
7025615,7025615,2080.0,1911.7,3272.6,165
7025616,7025616,2047.2,1878.9,3239.8,126
7025617,7025617,2150.2,1981.9,3342.8,150
7025618,7025618,4362.4,4194.1,5555.0,267
7025619,7025619,1660.0,784.7,2030.2,150
7025620,7025620,1680.5,805.2,2050.7,102
7025621,7025621,1018.4,1086.1,3147.7,135
7025622,7025622,847.2,876.6,2422.8,183
7025623,7025623,814.3,1157.7,2210.0,156
7025624,7025624,841.2,870.6,2416.8,150
7025625,7025625,1213.0,1171.1,2352.0,156
7025626,7025626,1272.6,817.1,2127.1,147
7025627,7025627,402.4,759.8,1798.1,195
7025628,7025628,1200.1,977.4,2158.3,216
7025629,7025629,1055.8,729.4,1910.3,90
7025630,7025630,52.9,573.9,1551.8,222
7025631,7025631,1055.0,728.6,1909.5,177
7025632,7025632,1082.9,756.5,1937.4,90
7025633,7025633,479.0,459.9,1640.8,93
7025634,7025634,406.4,333.8,1531.4,150
7025635,7025635,98.1,603.5,1177.8,165
7025636,7025636,195.8,567.0,1275.5,93
7025637,7025637,439.4,319.1,1208.0,159
7025638,7025638,365.1,349.3,1133.8,102
7025639,7025639,1160.9,859.0,1656.2,144
7025640,7025640,869.5,543.1,1394.6,132
7025641,7025641,754.2,427.8,1273.7,123
7025642,7025642,628.1,215.8,1235.5,168
7025643,7025643,613.2,401.7,1049.6,84
7025644,7025644,513.7,511.3,1146.1,177
7025645,7025645,189.5,436.0,958.1,165
7025646,7025646,525.8,842.4,1288.0,117
7025647,7025647,235.9,532.6,664.9,108
7025648,7025648,345.4,854.1,847.9,162
7025649,7025649,664.4,968.8,554.5,174
7025650,7025650,503.2,24.4,627.5,171
7025651,7025651,181.9,552.5,794.2,165
7025652,7025652,421.2,169.8,679.4,138
7025653,7025653,476.5,540.9,338.4,192
7025654,7025654,819.4,481.6,765.6,150
7025655,7025655,459.7,715.1,999.1,180
7025656,7025656,547.3,909.4,1395.7,156
7025657,7025657,296.2,592.9,847.7,153
7025658,7025658,401.7,698.3,742.4,156
7025659,7025659,468.2,838.8,542.0,150
7025660,7025660,594.8,737.0,540.7,189
7025661,7025661,871.4,726.0,817.3,162
7025662,7025662,378.5,550.6,268.6,120
7025663,7025663,742.5,810.1,628.8,186
7025664,7025664,709.5,315.6,599.6,102
7025665,7025665,880.2,630.5,905.9,189
7025666,7025666,946.6,996.5,1057.4,168
7025667,7025667,688.5,1251.4,781.2,138
7025668,7025668,625.5,734.3,1018.3,144
7025669,7025669,755.9,936.3,940.3,141
7025670,7025670,230.1,945.0,1141.3,189
7025671,7025671,381.5,834.9,1118.9,165
7025672,7025672,585.9,1053.1,1330.3,168
7025673,7025673,540.2,787.2,238.9,135
7025674,7025674,391.0,833.1,284.8,159
7025675,7025675,386.1,1292.0,479.9,201
7025676,7025676,516.7,1166.3,613.9,222
7025677,7025677,481.5,1018.6,1012.3,111
7025678,7025678,318.0,785.1,865.4,129
7025679,7025679,798.8,1065.9,1504.5,174
7025680,7025680,881.6,982.6,1587.3,93
7025681,7025681,694.6,745.9,1558.3,228
7025682,7025682,438.3,1038.8,1322.8,192
7025683,7025683,822.0,872.2,1518.4,93
7025684,7025684,1038.0,623.0,1298.2,201
7025685,7025685,944.5,603.8,1365.0,138
7025686,7025686,959.4,618.7,1379.9,93
7025687,7025687,190.4,805.5,862.1,105
7025688,7025688,215.0,776.0,928.2,108
7025689,7025689,615.2,203.3,676.8,9
7025690,7025690,830.2,615.2,208.0,93
7025691,7025691,425.1,986.4,642.0,0
7025692,7025692,611.4,1172.7,828.3,69
7025693,7025693,825.3,1386.6,1042.2,3
7025694,7025694,855.5,1394.3,1072.3,132
7025695,7025695,689.4,940.7,1677.2,150
7025696,7025696,779.4,1030.8,1216.8,141
7025697,7025697,782.7,1034.0,1308.2,99
7025698,7025698,474.1,725.5,1545.8,219
7025699,7025699,712.3,1069.6,1354.2,219
7025700,7025700,907.2,1151.6,1436.2,111
7025701,7025701,713.3,964.6,1265.2,156
7025702,7025702,250.5,501.9,1350.5,156
7025703,7025703,554.5,805.8,1654.4,150
7025704,7025704,741.6,992.9,1437.0,165
7025705,7025705,546.7,834.7,1230.9,174
7025706,7025706,485.5,955.9,979.0,123
7025707,7025707,487.0,954.3,980.5,123
7025708,7025708,1092.1,1343.4,1038.6,174
7025709,7025709,1092.4,1343.7,1038.9,126
7025710,7025710,554.8,982.8,535.5,210
7025711,7025711,951.7,1383.1,888.3,201
7025712,7025712,525.6,1223.7,386.2,138
7025713,7025713,844.5,1272.4,853.2,141
7025714,7025714,771.7,1199.7,780.5,108
7025715,7025715,662.6,913.9,1083.4,138
7025716,7025716,1199.7,1637.7,967.4,213
7025717,7025717,956.7,1208.1,890.1,150
7025718,7025718,1070.7,1327.0,831.7,162
7025719,7025719,566.7,1075.9,228.9,192
7025720,7025720,931.9,1363.3,776.8,147
7025721,7025721,778.2,1127.9,539.1,162
7025722,7025722,658.8,989.6,630.3,204
7025723,7025723,549.9,1368.2,557.4,150
7025724,7025724,651.9,996.6,623.3,138
7025725,7025725,732.8,1683.4,740.3,183
7025726,7025726,439.5,755.3,826.9,114
7025727,7025727,734.6,667.1,1103.4,93
7025728,7025728,1137.1,637.3,1242.6,171
7025729,7025729,718.4,435.8,1105.7,135
7025730,7025730,633.6,1031.1,862.9,186
7025731,7025731,905.3,536.2,1134.6,156
7025732,7025732,696.8,538.7,1084.2,114
7025733,7025733,795.5,150.4,1182.9,189
7025734,7025734,767.4,50.2,1383.5,114
7025735,7025735,822.6,618.8,1051.9,114
7025736,7025736,768.4,475.0,1196.6,117
7025737,7025737,838.0,318.4,1455.5,174
7025738,7025738,656.6,505.4,1611.1,93
7025739,7025739,584.1,361.2,1591.5,177
7025740,7025740,271.4,793.5,1711.3,156
7025741,7025741,861.1,682.8,1090.4,123
7025742,7025742,548.4,662.2,1512.9,138
7025743,7025743,323.7,1059.0,2028.8,165
7025744,7025744,709.3,381.0,1519.7,195
7025745,7025745,139.9,747.5,1794.9,153
7025746,7025746,1229.1,888.9,2395.5,162
7025747,7025747,564.0,1171.6,2219.0,165
7025748,7025748,952.5,1494.6,2473.3,150
7025749,7025749,1176.2,1783.8,2848.4,177
7025750,7025750,1369.0,1250.4,2889.8,135
7025751,7025751,1835.0,431.0,3001.4,192
7025752,7025752,1837.1,718.8,3358.0,123
7025753,7025753,1574.4,703.7,3095.2,132
7025754,7025754,2535.1,712.7,3701.5,141
7025755,7025755,2572.0,2769.6,4004.3,186
7025756,7025756,3041.2,1086.1,4207.6,171
7025757,7025757,884.7,544.5,2051.1,123
7025758,7025758,1184.3,811.4,2318.0,198
7025759,7025759,1640.8,891.6,2807.2,153
7025760,7025760,2089.2,413.5,3255.6,90
7025761,7025761,2543.4,355.7,3619.9,192
7025762,7025762,2689.4,501.7,3766.0,189
7025763,7025763,1405.8,1408.3,3245.3,165
7025764,7025764,1300.0,1302.5,3139.5,198
7025765,7025765,1151.5,1219.1,3280.7,114
7025766,7025766,1251.2,1318.8,3380.4,57
7025767,7025767,1539.4,1541.9,3378.8,33
7025768,7025768,1147.5,1215.1,3276.7,384
7025769,7025769,720.2,722.8,2969.6,123
7025770,7025770,829.1,896.7,2958.3,144
7025771,7025771,615.4,618.0,2872.5,123
7025772,7025772,590.5,658.1,2719.7,111
7025773,7025773,492.4,495.0,2749.5,93
7025774,7025774,498.6,566.2,2627.8,123
7025775,7025775,405.8,408.4,2662.9,213
7025776,7025776,693.7,761.3,2682.7,174
7025777,7025777,311.1,378.8,2440.4,198
7025778,7025778,287.0,354.7,2206.8,153
7025779,7025779,550.2,491.0,2075.1,129
7025780,7025780,444.5,388.5,1971.3,108
7025781,7025781,458.4,460.9,2344.5,168
7025782,7025782,439.5,442.1,2290.9,153
7025783,7025783,241.4,238.2,2012.8,138
7025784,7025784,544.4,546.9,2018.3,162
7025785,7025785,493.4,363.2,1762.0,183
7025786,7025786,821.3,897.5,1668.7,177
7025787,7025787,934.7,937.3,2095.9,192
7025788,7025788,341.9,706.4,1421.6,162
7025789,7025789,406.9,720.6,1408.8,156
7025790,7025790,816.1,812.9,1736.6,108
7025791,7025791,860.9,833.4,1544.3,129
7025792,7025792,1121.2,952.6,1735.0,162
7025793,7025793,751.3,969.6,1495.0,132
7025794,7025794,864.2,1082.6,1608.0,219
7025795,7025795,1112.8,801.6,1255.0,90
7025796,7025796,197.2,834.9,1276.9,108
7025797,7025797,86.8,724.5,1166.5,135
7025798,7025798,490.9,822.0,1234.7,192
7025799,7025799,363.7,694.7,779.8,135
7025800,7025800,704.8,1024.2,847.0,144
7025801,7025801,616.7,947.7,672.2,105
7025802,7025802,736.1,1205.6,641.3,147
7025803,7025803,497.0,1009.3,402.2,117
7025804,7025804,652.9,1165.3,558.1,201
7025805,7025805,478.9,822.9,154.8,168
7025806,7025806,618.7,541.2,376.6,159
7025807,7025807,475.6,988.0,380.8,102
7025808,7025808,1275.1,755.9,1180.3,117
7025809,7025809,962.5,1065.8,867.7,132
7025810,7025810,981.3,1049.8,886.5,153
7025811,7025811,846.7,1184.5,751.9,147
7025812,7025812,670.0,1182.3,575.2,123
7025813,7025813,718.9,1231.2,624.1,129
7025814,7025814,811.6,1297.3,867.3,126
7025815,7025815,703.8,1403.6,829.5,186
7025816,7025816,826.4,1138.0,1158.8,159
7025817,7025817,833.4,1131.0,1165.8,156
7025818,7025818,796.7,1140.8,1128.4,123
7025819,7025819,972.3,770.1,958.9,126
7025820,7025820,1007.8,956.2,1144.9,123
7025821,7025821,901.9,699.8,888.5,192
7025822,7025822,1052.0,1000.4,1189.1,192
7025823,7025823,531.5,1217.6,610.4,126
7025824,7025824,87.3,849.6,242.5,186
7025825,7025825,209.2,914.7,539.0,231
7025826,7025826,555.5,960.6,887.3,141
7025827,7025827,318.2,951.0,412.0,237
7025828,7025828,199.3,830.3,529.2,228
7025829,7025829,446.1,813.0,779.4,99
7025830,7025830,455.6,956.5,552.7,141
7025831,7025831,551.1,613.7,880.9,174
7025832,7025832,725.9,788.5,1055.7,135
7025833,7025833,447.6,426.2,1218.1,150
7025834,7025834,196.2,663.4,699.6,159
7025835,7025835,736.6,715.2,1397.1,150
7025836,7025836,529.7,996.9,1402.2,138
7025837,7025837,1144.3,924.1,1112.8,126
7025838,7025838,601.8,121.8,1372.3,168
7025839,7025839,907.0,885.6,1567.5,144
7025840,7025840,195.7,654.7,1059.3,96
7025841,7025841,925.9,445.2,1586.5,156
7025842,7025842,422.9,124.3,1286.5,141
7025843,7025843,1574.5,1019.6,1543.1,117
7025844,7025844,1087.4,649.0,1482.3,195
7025845,7025845,598.7,404.5,1237.8,132
7025846,7025846,896.0,513.4,1105.6,135
7025847,7025847,1281.6,643.6,1443.6,156
7025848,7025848,1150.9,476.0,1115.1,150
7025849,7025849,433.3,707.4,643.0,3
7025850,7025850,884.3,645.2,1094.0,249
7025851,7025851,34.3,1096.6,373.3,93
7025852,7025852,778.6,942.3,1159.2,129
7025853,7025853,864.4,1424.7,852.8,204
7025854,7025854,475.9,1577.0,554.7,6
7025855,7025855,806.6,1013.0,885.4,45
7025856,7025856,861.9,1485.2,696.9,18
7025857,7025857,1058.0,1170.9,825.7,198
7025858,7025858,906.1,835.7,973.6,126
7025859,7025859,380.0,309.7,1615.5,180
7025860,7025860,1024.4,1149.6,792.1,105
7025861,7025861,508.9,636.0,1289.1,138
7025862,7025862,885.9,1212.8,653.6,93
7025863,7025863,342.8,493.2,1601.9,207
7025864,7025864,449.4,785.1,1140.0,180
7025865,7025865,662.4,1098.2,793.7,96
7025866,7025866,506.4,736.6,1346.6,150
7025867,7025867,642.8,850.1,1237.7,147
7025868,7025868,638.1,854.8,1233.0,72
7025869,7025869,726.8,969.1,970.3,108
7025870,7025870,895.0,1404.2,662.8,195
7025871,7025871,439.1,948.3,149.4,135
7025872,7025872,209.6,718.8,384.3,144
7025873,7025873,678.0,1187.2,445.7,204
7025874,7025874,845.6,1249.5,613.3,177
7025875,7025875,726.9,1084.6,494.6,192
7025876,7025876,414.2,923.3,181.9,261
7025877,7025877,854.8,1230.3,897.7,183
7025878,7025878,765.1,1056.0,608.9,108
7025879,7025879,651.5,845.1,1094.3,189
7025880,7025880,365.0,874.1,277.7,138
7025881,7025881,773.7,1064.6,844.9,183
7025882,7025882,795.0,1085.9,866.2,156
7025883,7025883,392.4,901.6,496.4,162
7025884,7025884,887.7,1081.3,1170.9,123
7025885,7025885,957.4,1150.7,1028.6,156
7025886,7025886,580.0,604.8,967.4,204
7025887,7025887,1030.3,1006.8,1167.9,183
7025888,7025888,574.9,555.3,780.5,171
7025889,7025889,320.3,636.1,731.5,135
7025890,7025890,419.3,704.8,806.7,195
7025891,7025891,676.6,362.2,1064.0,171
7025892,7025892,934.4,910.9,1163.8,126
7025893,7025893,758.1,738.4,1134.9,111
7025894,7025894,630.7,611.1,1007.6,123
7025895,7025895,403.4,564.9,790.8,108
7025896,7025896,1198.5,709.5,1339.6,111
7025897,7025897,728.7,267.1,1116.0,129
7025898,7025898,1199.8,738.2,1444.8,186
7025899,7025899,1026.3,656.8,1413.6,216
7025900,7025900,1431.6,36.5,1716.3,123
7025901,7025901,1301.9,442.3,1689.3,171
7025902,7025902,1506.6,429.5,1801.0,105
7025903,7025903,1385.0,567.2,1895.3,108
7025904,7025904,1223.0,450.0,1691.8,105
7025905,7025905,1273.7,567.3,1809.1,129
7025906,7025906,1131.1,783.8,2101.1,156
7025907,7025907,1278.0,803.0,2044.8,186
7025908,7025908,879.4,979.5,2396.0,126
7025909,7025909,838.6,1053.1,2294.9,87
7025910,7025910,918.2,475.9,1305.5,84
7025911,7025911,692.4,128.6,1601.9,237
7025912,7025912,845.8,115.0,1621.6,141
7025913,7025913,996.0,550.5,2057.1,105
7025914,7025914,954.4,581.5,2088.1,120
7025915,7025915,1095.5,846.4,2353.0,189
7025916,7025916,842.7,1275.7,2473.9,159
7025917,7025917,1013.1,978.1,2484.8,129
7025918,7025918,855.9,1288.9,2487.2,123
7025919,7025919,1449.1,1076.2,2582.8,123
7025920,7025920,959.4,1392.4,2590.6,132
7025921,7025921,1109.9,1542.9,2741.2,162
7025922,7025922,1209.9,1333.8,2840.4,147
7025923,7025923,1691.1,1442.1,2948.7,156
7025924,7025924,1309.7,1742.7,2940.9,159
7025925,7025925,2461.5,1404.3,3627.9,153
7025926,7025926,1422.8,1855.8,3054.0,150
7025927,7025927,3432.7,1390.6,4599.1,138
7025928,7025928,2836.4,1018.6,4002.8,108
7025929,7025929,3335.6,1293.4,4502.0,165
7025930,7025930,1840.8,2273.8,3472.1,129
7025931,7025931,1729.3,1731.8,3568.8,165
7025932,7025932,2289.9,2292.5,2358.3,144
7025933,7025933,1891.2,1893.8,2280.9,153
7025934,7025934,1747.4,2193.8,1760.9,132
7025935,7025935,1796.5,1799.0,2186.2,183
7025936,7025936,1892.2,1894.8,1960.6,105
7025937,7025937,1429.3,1431.9,2169.2,147
7025938,7025938,1627.0,1629.5,1701.6,126
7025939,7025939,1532.0,1534.6,2038.4,120
7025940,7025940,1501.4,1819.8,1514.9,129
7025941,7025941,1493.5,1496.1,1825.3,150
7025942,7025942,1501.6,1308.5,2083.4,210
7025943,7025943,1469.5,1633.0,1483.0,126
7025944,7025944,1356.0,1288.8,1631.2,135
7025945,7025945,1100.0,1187.6,1548.5,174
7025946,7025946,826.1,1690.0,957.2,195
7025947,7025947,1220.6,994.0,1724.6,138
7025948,7025948,1249.7,890.6,1753.7,120
7025949,7025949,636.2,807.0,1164.7,219
7025950,7025950,1038.4,659.1,1389.7,216
7025951,7025951,850.6,844.2,1201.9,282
7025952,7025952,1110.9,731.6,1462.2,186
7025953,7025953,620.1,613.7,971.4,114
7025954,7025954,1012.3,1014.8,2212.5,189
7025955,7025955,678.7,681.3,2499.9,189
7025956,7025956,1145.5,1148.1,2439.3,144
7025957,7025957,1099.9,1102.5,2226.8,144
7025958,7025958,859.8,862.4,2198.7,210
7025959,7025959,1444.2,564.8,1795.5,123
7025960,7025960,1422.0,542.6,1773.4,120
7025961,7025961,1300.7,626.8,1553.9,189
7025962,7025962,1192.7,313.3,1544.0,114
7025963,7025963,794.3,841.1,1145.7,165
7025964,7025964,916.1,258.6,1267.5,237
7025965,7025965,782.0,395.4,1258.3,123
7025966,7025966,870.3,623.6,1007.1,171
7025967,7025967,553.0,624.4,1029.3,132
7025968,7025968,673.6,863.2,772.5,105
7025969,7025969,724.4,909.0,818.3,213
7025970,7025970,250.8,717.9,627.2,126
7025971,7025971,270.8,586.7,747.1,117
7025972,7025972,271.1,586.9,747.3,141
7025973,7025973,425.0,614.6,523.8,141
7025974,7025974,1334.2,514.4,1413.3,105
7025975,7025975,1222.2,403.6,1521.5,102
7025976,7025976,1396.8,634.2,1302.0,114
7025977,7025977,1055.5,550.0,1373.2,102
7025978,7025978,1064.7,833.9,1540.9,120
7025979,7025979,911.8,681.0,1388.0,99
7025980,7025980,861.2,1100.3,1194.0,159
7025981,7025981,850.7,1195.7,1039.0,186
7025982,7025982,672.8,1091.0,1149.0,129
7025983,7025983,665.6,1083.8,1141.8,141
7025984,7025984,704.5,987.2,1176.0,168
7025985,7025985,601.2,824.1,1012.8,99
7025986,7025986,489.4,834.4,965.6,99
7025987,7025987,726.3,699.0,887.7,183
7025988,7025988,464.9,596.6,751.7,141
7025989,7025989,376.3,410.1,319.4,150
7025990,7025990,265.0,350.2,505.2,129
7025991,7025991,302.2,238.0,327.0,171
7025992,7025992,567.9,377.7,566.4,120
7025993,7025993,868.2,542.1,451.3,144
7025994,7025994,461.6,63.7,252.4,126
7025995,7025995,774.4,448.2,357.5,183
7025996,7025996,1004.8,717.0,950.2,156
7025997,7025997,691.8,404.0,592.7,156
7025998,7025998,682.4,277.0,369.3,123
7025999,7025999,998.7,903.9,813.1,174
7026000,7026000,763.2,668.3,577.6,195
7026001,7026001,735.4,515.2,703.9,189
7026002,7026002,1614.6,954.2,1757.1,186
7026003,7026003,1148.8,779.0,1167.6,132
7026004,7026004,1095.0,571.6,960.1,267
7026005,7026005,1152.7,298.4,1100.2,159
7026006,7026006,975.5,39.2,839.0,144
7026007,7026007,994.5,571.9,996.1,114
7026008,7026008,1004.5,560.8,985.1,168
7026009,7026009,736.1,657.4,916.1,201
7026010,7026010,677.4,1005.2,547.8,228
7026011,7026011,1044.2,813.4,689.5,165
7026012,7026012,1075.6,552.2,776.4,165
7026013,7026013,816.1,1092.8,441.4,159
7026014,7026014,822.7,854.9,476.2,138
7026015,7026015,925.1,628.9,492.3,192
7026016,7026016,709.2,927.8,276.4,213
7026017,7026017,818.2,492.8,385.4,258
7026018,7026018,813.4,497.6,380.6,147
7026019,7026019,706.9,925.4,274.1,108
7026020,7026020,709.1,892.2,356.7,123
7026021,7026021,620.0,1079.2,267.7,129
7026022,7026022,577.5,1036.6,225.1,147
7026023,7026023,655.1,613.5,582.0,165
7026024,7026024,454.2,877.7,317.8,117
7026025,7026025,369.0,1345.3,560.6,102
7026026,7026026,129.8,882.6,563.5,180
7026027,7026027,297.7,714.7,731.4,129
7026028,7026028,318.1,1294.4,509.7,147
7026029,7026029,386.5,1362.8,578.1,213
7026030,7026030,604.1,1580.4,791.7,108
7026031,7026031,748.0,1691.3,935.7,132
7026032,7026032,570.0,1688.0,1156.8,108
7026033,7026033,518.0,1635.9,1023.2,105
7026034,7026034,389.2,1507.2,1152.0,120
7026035,7026035,269.8,1104.6,703.5,150
7026036,7026036,1197.8,1722.7,1375.8,93
7026037,7026037,518.5,1554.1,1377.2,171
7026038,7026038,714.4,1658.5,1537.5,171
7026039,7026039,466.1,1309.6,1855.2,150
7026040,7026040,642.9,1396.3,1828.5,174
7026041,7026041,628.2,1447.9,2017.2,117
7026042,7026042,1083.2,1012.8,1676.6,111
7026043,7026043,1179.4,1117.0,1772.8,117
7026044,7026044,1012.4,942.0,1605.8,162
7026045,7026045,1279.7,1016.7,1873.1,129
7026046,7026046,653.2,582.8,1690.7,153
7026047,7026047,555.8,129.4,1541.2,114
7026048,7026048,813.2,386.8,1427.7,120
7026049,7026049,1299.3,659.7,1488.3,165
7026050,7026050,114.8,473.4,1408.2,354
7026051,7026051,1049.9,727.2,1498.7,153
7026052,7026052,506.3,399.9,1217.5,198
7026053,7026053,814.6,488.4,1263.4,162
7026054,7026054,501.7,695.2,1155.6,201
7026055,7026055,1087.4,87.2,1178.9,105
7026056,7026056,905.1,1017.5,1258.1,168
7026057,7026057,618.7,804.9,865.4,147
7026058,7026058,851.2,449.7,992.3,114
7026059,7026059,665.5,857.9,806.7,102
7026060,7026060,818.3,607.8,839.5,207
7026061,7026061,359.0,870.4,500.1,216
7026062,7026062,817.6,1046.5,958.7,174
7026063,7026063,287.1,885.9,205.8,198
7026064,7026064,443.1,1223.5,584.2,81
7026065,7026065,396.2,974.7,537.3,204
7026066,7026066,574.4,964.2,715.6,108
7026067,7026067,822.7,822.0,1079.9,135
7026068,7026068,727.5,513.7,792.2,183
7026069,7026069,310.7,620.6,567.8,177
7026070,7026070,570.6,1318.9,1115.1,114
7026071,7026071,586.4,1250.9,1210.7,114
7026072,7026072,659.2,133.7,916.3,150
7026073,7026073,873.7,141.6,1130.8,123
7026074,7026074,1136.0,403.9,1393.2,192
7026075,7026075,905.7,976.8,1162.8,180
7026076,7026076,1476.0,1324.9,1733.1,156
7026077,7026077,1424.7,1495.9,1681.9,210
7026078,7026078,960.5,809.4,1217.6,156
7026079,7026079,95.4,1587.6,1535.8,180
7026080,7026080,382.0,1823.2,2013.3,105
7026081,7026081,273.4,1714.6,1904.7,105
7026082,7026082,1971.5,1820.4,2228.6,114
7026083,7026083,493.3,1934.5,2124.5,177
7026084,7026084,1869.3,1718.2,2126.4,177
7026085,7026085,2508.2,2456.9,2865.1,84
7026086,7026086,1092.5,1812.7,2723.8,219
7026087,7026087,2084.2,2452.6,2860.8,129
7026088,7026088,1852.4,2572.6,3091.5,123
7026089,7026089,2520.3,2889.4,3297.6,150
7026090,7026090,2370.2,2824.4,1939.3,192
7026091,7026091,2455.1,2909.3,2024.1,108
7026092,7026092,2384.7,2838.9,1953.7,156
7026093,7026093,2472.2,2926.5,2041.3,192
7026094,7026094,2173.4,2627.6,1742.4,141
7026095,7026095,1736.9,2227.0,1501.1,141
7026096,7026096,2064.6,2518.8,1633.6,153
7026097,7026097,1510.8,2287.6,1280.9,147
7026098,7026098,1525.3,2302.2,1283.2,123
7026099,7026099,1338.7,2185.5,907.8,177
7026100,7026100,1582.5,2363.2,1151.6,207
7026101,7026101,928.5,1792.4,942.0,177
7026102,7026102,989.3,1684.8,407.2,279
7026103,7026103,923.8,1804.3,526.6,180
7026104,7026104,421.9,1331.8,951.1,120
7026105,7026105,987.6,1456.2,925.9,195
7026106,7026106,1233.5,2097.5,1247.0,132
7026107,7026107,871.2,1735.1,884.7,132
7026108,7026108,359.0,1268.9,888.1,114
7026109,7026109,418.3,938.0,947.4,159
7026110,7026110,76.1,1031.3,650.6,129
7026111,7026111,817.8,817.4,916.6,0
7026112,7026112,1030.4,1341.9,968.7,129
7026113,7026113,721.1,940.7,659.4,186
7026114,7026114,541.1,1166.3,479.5,171
7026115,7026115,481.3,580.4,475.7,177
7026116,7026116,927.9,986.7,866.2,123
7026117,7026117,1023.6,772.6,941.8,117
7026118,7026118,1017.9,766.9,1036.5,126
7026119,7026119,1053.2,53.6,1109.6,102
7026120,7026120,1447.9,448.3,1504.4,174
7026121,7026121,584.3,807.0,935.6,150
7026122,7026122,1210.1,801.8,1308.9,177
7026123,7026123,956.4,1269.9,1270.0,177
7026124,7026124,881.2,930.7,980.1,135
7026125,7026125,847.7,1059.6,1609.3,171
7026126,7026126,1047.6,671.8,1809.2,174
7026127,7026127,288.0,1064.0,1322.5,129
7026128,7026128,751.3,940.8,850.1,168
7026129,7026129,781.2,645.1,1305.8,120
7026130,7026130,178.0,1049.9,985.2,192
7026131,7026131,817.2,601.3,1301.8,177
7026132,7026132,885.3,936.9,1167.6,198
7026133,7026133,804.4,1003.3,1267.6,111
7026134,7026134,767.3,662.9,1230.5,186
7026135,7026135,571.9,888.6,1035.1,150
7026136,7026136,93.1,593.8,739.3,150
7026137,7026137,382.9,1156.7,680.2,147
7026138,7026138,556.5,1395.9,745.9,117
7026139,7026139,787.1,1238.6,814.3,135
7026140,7026140,653.9,1246.3,595.0,174
7026141,7026141,614.6,1058.7,822.6,174
7026142,7026142,915.6,1249.2,597.9,177
7026143,7026143,880.7,1275.7,843.6,105
7026144,7026144,882.1,1277.1,842.1,111
7026145,7026145,412.3,856.4,1002.0,123
7026146,7026146,517.4,1238.3,440.6,171
7026147,7026147,738.1,1182.3,722.3,207
7026148,7026148,547.4,991.5,913.1,129
7026149,7026149,462.1,1438.4,653.7,153
7026150,7026150,282.7,726.9,872.4,180
7026151,7026151,813.3,923.5,1069.1,138
7026152,7026152,642.5,819.7,965.2,108
7026153,7026153,761.6,1205.7,1231.7,216
7026154,7026154,612.1,1566.5,803.7,117
7026155,7026155,490.6,1466.9,682.2,186
7026156,7026156,558.1,653.0,798.5,198
7026157,7026157,796.2,1490.4,1235.7,201
7026158,7026158,1037.7,976.7,1122.3,132
7026159,7026159,754.0,1316.6,1193.5,192
7026160,7026160,561.4,1509.3,1254.6,105
7026161,7026161,931.7,838.9,984.4,135
7026162,7026162,667.9,1329.8,1424.8,162
7026163,7026163,767.9,1424.9,1519.9,132
7026164,7026164,509.1,1627.0,1083.5,120
7026165,7026165,293.8,1411.7,1424.9,168
7026166,7026166,450.0,1292.8,1642.8,99
7026167,7026167,190.1,1308.1,1528.5,183
7026168,7026168,359.5,1202.4,1733.2,132
7026169,7026169,498.5,1064.3,2023.5,84
7026170,7026170,261.8,1104.6,1831.0,141
7026171,7026171,532.0,957.0,1953.9,132
7026172,7026172,1052.5,959.8,1105.3,135
7026173,7026173,1170.2,1041.8,1881.6,84
7026174,7026174,1111.4,983.0,1822.7,117
7026175,7026175,1374.3,792.3,1895.1,144
7026176,7026176,680.8,699.6,1764.6,153
7026177,7026177,972.6,845.0,1684.7,180
7026178,7026178,924.2,342.2,1445.0,141
7026179,7026179,310.0,1179.0,1699.1,141
7026180,7026180,373.3,857.5,1854.3,123
7026181,7026181,540.1,1025.6,2022.5,195
7026182,7026182,779.5,1223.3,2172.2,162
7026183,7026183,735.9,701.3,1804.1,180
7026184,7026184,925.5,445.2,1548.0,171
7026185,7026185,1055.6,575.2,1678.1,186
7026186,7026186,1073.5,579.8,1682.6,84
7026187,7026187,1253.0,863.2,1966.0,174
7026188,7026188,1110.3,991.5,2094.3,159
7026189,7026189,1382.4,1293.5,2122.1,162
7026190,7026190,1545.9,645.2,1748.1,150
7026191,7026191,1739.5,838.9,1665.9,156
7026192,7026192,1820.7,920.0,1619.5,162
7026193,7026193,1794.7,1084.4,1954.0,210
7026194,7026194,1703.6,1175.6,2045.2,102
7026195,7026195,1758.5,781.2,1743.5,189
7026196,7026196,1328.3,400.4,1419.9,195
7026197,7026197,974.2,361.1,1065.8,159
7026198,7026198,989.4,337.9,1081.0,108
7026199,7026199,1221.5,331.0,1313.1,105
7026200,7026200,1264.8,419.1,1356.4,207
7026201,7026201,464.9,535.3,556.4,162
7026202,7026202,1006.3,1088.6,1097.9,165
7026203,7026203,737.3,819.5,828.8,159
7026204,7026204,1504.3,527.0,1595.9,210
7026205,7026205,2040.5,1063.1,2132.0,135
7026206,7026206,2067.2,1278.2,2347.1,123
7026207,7026207,2198.7,1371.8,2455.9,135
7026208,7026208,1374.5,1071.0,1631.6,174
7026209,7026209,1970.7,1667.2,2227.8,138
7026210,7026210,2094.7,1791.2,2351.9,189
7026211,7026211,1571.3,1267.8,1828.4,156
7026212,7026212,1408.4,1104.9,1665.6,180
7026213,7026213,1595.3,1291.8,1852.4,129
7026214,7026214,1478.4,834.7,1735.6,240
7026215,7026215,2699.6,942.4,3295.5,165
7026216,7026216,2633.6,1319.2,2354.2,168
7026217,7026217,2545.7,805.4,2932.3,186
7026218,7026218,2575.6,835.3,2639.3,165
7026219,7026219,2939.0,1812.9,2659.7,201
7026220,7026220,2940.1,1814.0,2660.8,153
7026221,7026221,2735.5,995.1,2769.1,129
7026222,7026222,2653.3,1053.6,2591.7,159
7026223,7026223,2723.6,1102.3,2662.0,132
7026224,7026224,2765.2,1481.8,2703.6,141
7026225,7026225,1649.5,1995.8,1587.9,3
7026226,7026226,2296.0,1296.4,2352.3,9
7026227,7026227,1273.6,1206.8,1211.9,114
7026228,7026228,1603.8,1026.1,1521.9,135
7026229,7026229,1280.6,622.3,1299.2,111
7026230,7026230,1679.5,807.8,1597.6,138
7026231,7026231,1439.1,439.4,1495.5,165
7026232,7026232,1685.9,686.3,1742.2,162
7026233,7026233,1905.8,906.2,1908.5,231
7026234,7026234,1947.0,1465.6,1114.9,144
7026235,7026235,1716.6,1145.9,1490.1,219
7026236,7026236,1421.4,832.4,1531.0,186
7026237,7026237,1472.9,883.9,1582.6,132
7026238,7026238,1652.0,849.8,2070.4,177
7026239,7026239,1719.7,1017.9,1675.0,198
7026240,7026240,1294.6,620.3,1958.4,117
7026241,7026241,1505.5,509.2,1729.7,240
7026242,7026242,1064.6,474.9,1693.0,150
7026243,7026243,1259.4,263.0,1483.6,138
7026244,7026244,1442.7,459.9,1552.4,180
7026245,7026245,854.4,1046.4,964.1,159
7026246,7026246,807.3,879.5,568.3,108
7026247,7026247,569.7,768.8,457.7,201
7026248,7026248,1315.5,955.0,1425.2,132
7026249,7026249,613.4,377.7,129.6,201
7026250,7026250,1549.3,1125.8,1529.3,129
7026251,7026251,1297.1,661.2,1064.6,186
7026252,7026252,1023.9,649.8,1133.6,108
7026253,7026253,968.6,272.8,1494.4,207
7026254,7026254,1090.1,394.0,1199.8,147
7026255,7026255,1437.5,454.8,1547.2,129
7026256,7026256,1162.6,483.2,1272.3,87
7026257,7026257,1164.5,481.3,1274.2,195
7026258,7026258,908.1,1285.6,1017.8,213
7026259,7026259,765.7,757.3,875.4,117
7026260,7026260,579.6,893.8,689.3,222
7026261,7026261,1773.0,759.9,1540.5,117
7026262,7026262,1294.9,658.9,1062.4,117
7026263,7026263,1788.2,775.0,1555.7,108
7026264,7026264,1860.7,847.5,1628.2,231
7026265,7026265,2206.7,1063.0,1902.0,153
7026266,7026266,795.2,159.3,562.7,171
7026267,7026267,1606.7,1024.7,2127.5,204
7026268,7026268,1460.3,824.3,1227.8,165
7026269,7026269,1580.6,944.7,1348.1,165
7026270,7026270,1340.3,758.3,1861.1,171
7026271,7026271,1642.1,896.9,1409.6,171
7026272,7026272,1467.8,606.7,1309.8,171
7026273,7026273,2158.3,1209.6,1328.0,225
7026274,7026274,1674.9,940.0,1442.4,168
7026275,7026275,1909.9,1011.9,1189.7,129
7026276,7026276,1791.4,930.4,1666.1,135
7026277,7026277,1718.3,570.4,1218.4,153
7026278,7026278,1663.0,515.1,1163.1,165
7026279,7026279,1298.0,150.1,1187.8,120
7026280,7026280,2029.7,881.8,764.2,123
7026281,7026281,2246.8,625.2,1091.3,108
7026282,7026282,2251.5,745.0,1211.2,150
7026283,7026283,2000.7,681.3,496.4,117
7026284,7026284,1758.6,439.2,254.3,204
7026285,7026285,1694.2,374.8,298.3,144
7026286,7026286,1846.6,889.9,1109.7,153
7026287,7026287,1629.2,728.5,1342.3,108
7026288,7026288,1752.7,604.8,915.6,117
7026289,7026289,1545.1,644.5,1350.4,171
7026290,7026290,1941.4,793.5,905.7,147
7026291,7026291,2209.5,1061.6,1173.8,117
7026292,7026292,2208.6,1060.7,1172.9,186
7026293,7026293,2214.7,1237.3,1432.9,129
7026294,7026294,2339.1,1191.2,1303.4,198
7026295,7026295,2236.2,1258.8,1598.8,99
7026296,7026296,2077.4,1100.0,1802.0,150
7026297,7026297,1825.3,868.6,1088.4,141
7026298,7026298,2321.5,1344.1,1775.9,126
7026299,7026299,3123.2,2379.4,2977.3,132
7026300,7026300,2250.5,1724.5,2507.7,198
7026301,7026301,2565.4,1821.7,2419.6,174
7026302,7026302,11303.1,8708.0,12469.5,60
7026303,7026303,2317.2,576.9,3068.4,111
7026304,7026304,2455.1,895.8,2849.9,144
7026305,7026305,1721.4,1192.5,2640.7,132
7026306,7026306,2052.9,1127.7,2631.7,186
7026307,7026307,2443.9,1236.6,2838.7,147
7026308,7026308,2314.6,1107.4,2709.4,117
7026309,7026309,2128.1,1599.2,2713.0,114
7026310,7026310,2453.0,1686.9,2204.7,162
7026311,7026311,2454.2,1925.3,2905.8,144
7026312,7026312,1878.5,1349.5,2947.0,312
7026313,7026313,2213.8,1684.9,2798.7,105
7026314,7026314,1920.3,2388.1,1778.1,3
7026315,7026315,2111.7,2137.1,2840.0,30
7026316,7026316,1772.0,2253.4,1758.2,144
7026317,7026317,1756.5,2281.8,1239.6,105
7026318,7026318,1563.9,2089.2,1047.0,135
7026319,7026319,1518.3,2043.7,1001.4,240
7026320,7026320,1289.7,1815.1,772.8,177
7026321,7026321,1738.5,2263.9,1221.6,117
7026322,7026322,1701.0,2145.2,869.0,114
7026323,7026323,1631.8,2075.9,799.7,105
7026324,7026324,1374.3,1855.8,542.3,141
7026325,7026325,1273.7,1755.1,1686.2,192
7026326,7026326,1618.8,2144.1,1101.9,120
7026327,7026327,420.3,901.7,642.7,186
7026328,7026328,516.4,1022.1,562.7,240
7026329,7026329,1404.5,1846.3,572.4,156
7026330,7026330,1384.1,1991.1,1056.3,84
7026331,7026331,1711.6,1617.1,1506.8,216
7026332,7026332,1273.6,1848.0,1326.6,156
7026333,7026333,1655.2,1711.3,1726.9,195
7026334,7026334,1536.1,1592.3,1679.8,246
7026335,7026335,1281.5,1954.4,640.9,195
7026336,7026336,1441.8,2324.0,1379.7,210
7026337,7026337,1189.8,1989.5,1210.8,141
7026338,7026338,1587.0,1636.8,1667.1,138
7026339,7026339,1508.2,1091.1,1617.9,213
7026340,7026340,1710.3,1372.2,1898.9,102
7026341,7026341,1351.9,934.9,1461.6,129
7026342,7026342,1234.3,1121.1,1344.0,159
7026343,7026343,1444.1,1331.0,1553.8,87
7026344,7026344,1737.4,1344.9,1847.1,138
7026345,7026345,1346.8,1387.0,1911.6,168
7026346,7026346,1893.4,967.0,2003.2,150
7026347,7026347,1651.5,980.6,1761.3,135
7026348,7026348,1559.3,888.5,1669.1,135
7026349,7026349,1670.4,744.0,1780.2,93
7026350,7026350,1366.4,695.6,1476.2,126
7026351,7026351,1863.1,519.4,1994.5,120
7026352,7026352,1710.1,483.1,1819.9,198
7026353,7026353,1907.8,66.6,1941.6,141
7026354,7026354,1988.1,523.3,1547.6,195
7026355,7026355,2288.0,533.2,1052.6,90
7026356,7026356,2340.8,672.6,1564.8,186
7026357,7026357,2688.0,923.5,1444.0,93
7026358,7026358,2409.3,980.5,1499.8,210
7026359,7026359,2097.5,571.3,1090.7,111
7026360,7026360,2512.6,910.4,1429.8,126
7026361,7026361,2157.4,889.9,1409.2,114
7026362,7026362,2069.7,505.5,971.6,213
7026363,7026363,2117.2,639.0,1158.3,105
7026364,7026364,2300.0,427.2,893.3,111
7026365,7026365,2305.0,432.3,898.4,126
7026366,7026366,2454.8,231.6,750.9,207
7026367,7026367,2209.6,336.9,803.0,144
7026368,7026368,2174.2,602.9,767.6,153
7026369,7026369,1724.1,404.7,317.5,141
7026370,7026370,1443.5,384.5,604.3,141
7026371,7026371,1210.0,555.2,926.4,183
7026372,7026372,1328.8,372.0,591.8,153
7026373,7026373,1222.5,100.0,920.4,111
7026374,7026374,1023.0,164.7,902.5,162
7026375,7026375,1626.6,669.9,889.7,138
7026376,7026376,2960.1,736.9,1246.6,159
7026377,7026377,1149.5,494.7,865.9,108
7026378,7026378,1258.8,1285.6,1505.4,135
7026379,7026379,1071.0,1416.5,1386.7,237
7026380,7026380,1363.0,1659.4,1678.7,162
7026381,7026381,1046.0,1449.8,1361.8,96
7026382,7026382,1173.1,1576.9,1488.8,177
7026383,7026383,2444.0,1487.2,1707.0,105
7026384,7026384,3980.4,4088.0,3916.3,9
7026385,7026385,3554.8,2884.3,3546.9,156
7026386,7026386,3348.7,1952.7,3340.8,228
7026387,7026387,3496.6,1967.7,3488.8,132
7026388,7026388,3297.7,1712.8,3289.8,105
7026389,7026389,3565.4,2293.2,3557.6,114
7026390,7026390,923.5,1276.9,1040.3,84
7026391,7026391,849.5,1900.7,2221.4,189
7026392,7026392,526.8,1578.0,2562.2,0
7026393,7026393,517.6,1568.8,2313.4,216
7026394,7026394,504.7,1556.0,2540.2,213
7026395,7026395,806.2,1550.5,2680.7,189
7026396,7026396,1098.4,1579.9,1511.0,129
7026397,7026397,1066.2,1547.7,1478.8,114
7026398,7026398,857.7,1339.2,1270.3,165
7026399,7026399,897.5,1379.0,1310.1,186
7026400,7026400,794.8,850.8,1709.5,168
7026401,7026401,780.8,1188.7,1193.4,150
7026402,7026402,691.9,1174.5,1343.6,96
7026403,7026403,852.3,1135.3,1504.1,138
7026404,7026404,548.0,648.9,1577.2,159
7026405,7026405,317.0,798.4,968.7,192
7026406,7026406,541.4,1022.9,1193.2,183
7026407,7026407,303.9,785.4,934.4,177
7026408,7026408,483.9,390.9,1513.1,150
7026409,7026409,391.5,203.4,1420.7,192
7026410,7026410,905.0,496.3,1934.1,159
7026411,7026411,722.8,314.1,1751.9,132
7026412,7026412,314.0,795.5,765.1,165
7026413,7026413,963.9,448.7,1993.1,126
7026414,7026414,501.1,14.2,1530.2,105
7026415,7026415,391.6,625.7,1251.8,150
7026416,7026416,434.6,668.7,1294.7,123
7026417,7026417,923.2,408.0,1952.4,108
7026418,7026418,634.7,683.7,1663.8,156
7026419,7026419,633.4,867.5,1162.8,150
7026420,7026420,471.8,849.5,1567.2,189
7026421,7026421,442.1,935.1,653.3,105
7026422,7026422,127.6,1011.0,967.7,108
7026423,7026423,819.1,1737.2,1252.9,165
7026424,7026424,830.5,968.7,1925.8,117
7026425,7026425,589.2,1212.0,1684.6,120
7026426,7026426,613.3,1074.7,1708.6,132
7026427,7026427,578.0,998.8,1673.3,165
7026428,7026428,859.0,1042.9,1954.4,162
7026429,7026429,442.8,1360.9,1650.0,150
7026430,7026430,783.8,1558.8,1749.1,198
7026431,7026431,758.9,1278.2,1854.3,99
7026432,7026432,703.8,1478.9,1842.4,123
7026433,7026433,791.4,1699.9,1621.4,189
7026434,7026434,983.3,1758.4,2078.7,138
7026435,7026435,1069.4,1891.2,1899.4,126
7026436,7026436,1038.5,1813.6,2133.9,108
7026437,7026437,3174.5,2428.0,2923.9,57
7026438,7026438,1233.9,1431.7,1549.6,204
7026439,7026439,2888.6,2104.2,2473.7,60
7026440,7026440,3221.7,908.3,2806.8,174
7026441,7026441,3488.1,1517.0,3480.2,195
7026442,7026442,3675.2,1339.5,3667.3,117
7026443,7026443,4116.6,1218.8,4073.1,102
7026444,7026444,3614.3,873.8,3550.2,153
7026445,7026445,3395.5,783.6,3331.4,174
7026446,7026446,2894.2,417.3,2830.1,129
7026447,7026447,1168.1,1441.7,1205.2,192
7026448,7026448,872.1,1517.0,1280.5,213
7026449,7026449,1358.1,1925.0,1783.6,216
7026450,7026450,1269.8,1817.7,1750.9,174
7026451,7026451,1206.8,1754.6,1692.1,204
7026452,7026452,759.0,1587.2,1353.4,126
7026453,7026453,1398.6,1871.3,1795.9,159
7026454,7026454,1191.3,1739.2,1820.3,135
7026455,7026455,765.0,1312.9,2203.4,99
7026456,7026456,786.1,1333.9,2112.7,144
7026457,7026457,462.6,1064.6,1690.9,141
7026458,7026458,1213.6,1745.9,2376.7,237
7026459,7026459,226.2,933.5,1959.4,150
7026460,7026460,1301.4,517.7,2207.5,135
7026461,7026461,627.8,792.6,2223.7,186
7026462,7026462,951.9,347.3,2013.2,117
7026463,7026463,1386.0,1076.4,1524.3,0
7026464,7026464,1983.2,1673.6,2121.5,48
7026465,7026465,430.5,765.4,2305.0,153
7026466,7026466,498.3,1242.7,2372.9,159
7026467,7026467,925.7,321.0,2119.1,150
7026468,7026468,741.9,815.2,2388.8,150
7026469,7026469,865.5,1609.8,2529.4,141
7026470,7026470,954.6,774.9,1891.0,216
7026471,7026471,1235.9,1056.2,1817.5,153
7026472,7026472,1195.8,1269.2,1967.5,150
7026473,7026473,949.9,1694.3,2098.3,171
7026474,7026474,1352.8,964.1,1499.5,129
7026475,7026475,1338.6,678.6,1214.0,168
7026476,7026476,1420.2,1322.0,1798.3,144
7026477,7026477,1063.7,612.4,1147.9,141
7026478,7026478,1052.7,786.9,2041.9,225
7026479,7026479,1051.9,786.1,2081.0,105
7026480,7026480,1129.3,764.9,2113.4,144
7026481,7026481,1500.4,1136.0,2072.9,117
7026482,7026482,1177.7,662.4,2214.6,207
7026483,7026483,825.6,560.5,1920.9,213
7026484,7026484,951.3,1135.2,2046.6,183
7026485,7026485,1244.6,1521.7,2339.9,147
7026486,7026486,1000.5,1379.5,2095.9,183
7026487,7026487,1136.1,568.3,1630.2,216
7026488,7026488,2143.5,1001.2,1728.6,231
7026489,7026489,1542.7,890.7,1831.8,315
7026490,7026490,559.8,1869.2,2400.5,165
7026491,7026491,2012.3,784.1,1945.8,243
7026492,7026492,2151.9,1071.9,2403.4,144
7026493,7026493,1954.8,466.7,2403.7,114
7026494,7026494,1833.1,343.3,2280.3,141
7026495,7026495,899.3,1594.2,2967.3,156
7026496,7026496,2323.5,833.6,2591.9,108
7026497,7026497,1166.1,918.3,2855.4,174
7026498,7026498,2369.0,879.1,2816.1,189
7026499,7026499,1703.1,1327.5,3264.6,135
7026500,7026500,2318.6,1491.0,3428.0,141
7026501,7026501,2345.3,1969.8,2847.6,117
7026502,7026502,3408.9,538.1,2994.0,279
7026503,7026503,3867.2,681.7,3452.4,168
7026504,7026504,1654.6,1657.1,1984.3,111
7026505,7026505,1614.6,1763.3,2084.5,165
7026506,7026506,1334.9,1233.7,2103.5,165
7026507,7026507,1519.4,1156.4,1809.8,117
7026508,7026508,1501.9,1154.7,2054.1,192
7026509,7026509,1652.4,848.8,1502.2,120
7026510,7026510,1829.5,1016.8,1945.3,141
7026511,7026511,1308.8,525.1,1778.6,156
7026512,7026512,1105.9,677.2,1063.2,132
7026513,7026513,971.1,628.0,441.0,201
7026514,7026514,633.6,204.9,591.0,141
7026515,7026515,665.5,713.4,400.2,162
7026516,7026516,564.6,600.2,521.9,204
7026517,7026517,350.8,429.4,396.4,123
7026518,7026518,247.6,406.0,688.6,198
7026519,7026519,579.5,684.4,767.3,162
7026520,7026520,788.7,893.5,755.1,195
7026521,7026521,614.6,316.4,1157.0,129
7026522,7026522,558.8,487.5,1101.2,162
7026523,7026523,935.5,910.6,1154.7,135
7026524,7026524,1087.0,1015.7,1247.8,132
7026525,7026525,1334.1,1310.7,1300.5,120
7026526,7026526,988.4,917.1,1530.8,144
7026527,7026527,1488.0,1214.1,1454.4,150
7026528,7026528,1587.9,839.1,1824.2,135
7026529,7026529,1548.3,1028.9,2090.7,84
7026530,7026530,1872.5,763.8,2414.9,189
7026531,7026531,1851.7,573.0,2090.3,171
7026532,7026532,2051.7,943.0,2594.1,195
7026533,7026533,2063.0,627.7,2605.4,129
7026534,7026534,2519.1,364.0,3033.9,228
7026535,7026535,1242.4,2668.1,2105.5,240
7026536,7026536,1561.9,2987.5,2424.9,195
7026537,7026537,1843.0,2771.7,1771.5,180
7026538,7026538,2091.6,2900.1,2020.1,138
7026539,7026539,429.0,1854.7,1727.8,132
7026540,7026540,793.4,1874.9,2249.5,216
7026541,7026541,918.3,1825.5,2374.4,162
7026542,7026542,1298.4,1384.3,2906.3,171
7026543,7026543,1631.0,1386.5,3238.9,105
7026544,7026544,2546.3,2170.8,3048.6,192
7026545,7026545,1758.4,943.7,1724.8,198
7026546,7026546,2158.8,729.7,2125.2,120
7026547,7026547,2051.3,103.8,2593.7,132
7026548,7026548,2223.9,544.7,2462.5,114
7026549,7026549,2449.6,595.2,2416.1,105
7026550,7026550,2711.9,602.8,2678.3,141
7026551,7026551,2467.4,312.3,3009.8,123
7026552,7026552,2584.1,429.0,3126.5,135
7026553,7026553,2970.2,861.1,2936.6,117
7026554,7026554,2912.6,757.4,3285.0,174
7026555,7026555,3302.6,1193.6,3269.1,186
7026556,7026556,3269.0,1113.8,3781.8,168
7026557,7026557,3695.9,1586.8,3662.3,129
7026558,7026558,3604.8,1460.1,3843.4,189
7026559,7026559,4365.0,2213.0,4524.0,210
7026560,7026560,4369.1,2217.2,4528.2,132
7026561,7026561,753.3,2546.2,890.8,153
7026562,7026562,603.0,2500.5,740.6,186
7026563,7026563,408.1,2906.0,545.6,219
7026564,7026564,85.5,2901.4,223.0,186
7026565,7026565,565.3,3285.5,516.4,171
7026566,7026566,858.4,3266.4,786.9,150
7026567,7026567,1179.7,3558.7,1108.2,150
7026568,7026568,649.8,2617.8,578.3,144
7026569,7026569,618.3,2586.3,546.8,132
7026570,7026570,1058.3,2789.6,986.8,210
7026571,7026571,2536.3,3035.9,2670.8,225
7026572,7026572,4978.5,2826.6,5137.6,195
7026573,7026573,5363.4,3211.5,5522.5,219
7026574,7026574,5996.0,3844.1,6155.1,102
7026575,7026575,5974.2,3822.3,6133.3,183
7026576,7026576,1387.1,1886.7,1521.5,291
7026577,7026577,1838.1,2337.7,1972.6,252
7026578,7026578,1796.6,2326.3,1961.2,390
7026579,7026579,1322.3,738.0,1321.7,237
7026580,7026580,1674.6,779.1,1674.0,288
7026581,7026581,1792.6,630.7,1792.0,156
7026582,7026582,614.9,977.1,651.2,183
7026583,7026583,200.4,564.9,107.2,156
7026584,7026584,569.8,700.2,476.7,90
7026585,7026585,442.4,390.6,405.0,171
7026586,7026586,616.9,394.0,523.8,165
7026587,7026587,1037.4,590.5,944.2,168
7026588,7026588,755.4,195.3,720.1,135
7026589,7026589,891.4,261.8,854.0,126
7026590,7026590,730.7,171.5,730.2,141
7026591,7026591,1060.2,281.1,1024.9,207
7026592,7026592,832.6,260.4,832.0,108
7026593,7026593,1019.9,261.5,1019.4,111
7026594,7026594,1226.2,412.8,1225.6,138
7026595,7026595,1241.6,571.2,1241.1,189
7026596,7026596,3746.8,3300.0,3653.6,141
7026597,7026597,1972.4,1525.5,1879.2,219
7026598,7026598,3008.5,2561.7,2915.4,204
7026599,7026599,3840.0,3393.2,3746.8,183
7026600,7026600,9577.8,986.6,9513.7,150
7026601,7026601,10531.6,1037.1,10467.6,237
7026602,7026602,11033.0,1538.4,10968.9,129
7026603,7026603,8661.6,1204.5,9628.8,171
7026604,7026604,9810.6,186.1,9746.5,177
7026605,7026605,12663.4,6791.6,16222.1,156
7026606,7026606,5622.3,4991.4,5558.2,90
7026607,7026607,4011.2,4118.8,3947.1,174
7026608,7026608,3876.8,3984.4,3812.7,150
7026609,7026609,1476.9,1584.5,1412.9,99
7026610,7026610,2563.7,2671.3,2499.6,123
7026611,7026611,1688.8,1796.4,1624.7,177
7026612,7026612,7810.5,6141.0,23271.8,78
7026613,7026613,1460.8,1321.6,1313.2,213
7026614,7026614,1014.5,1122.1,950.4,186
7026615,7026615,817.1,676.9,666.0,156
7026616,7026616,1213.8,1232.9,1062.8,192
7026617,7026617,230.2,249.4,79.2,168
7026618,7026618,1926.3,2033.9,1862.2,114
7026619,7026619,2733.4,804.5,25665.1,153
7026620,7026620,3293.0,1364.1,24510.7,216
7026621,7026621,4116.7,2447.1,25136.9,147
7026622,7026622,597.7,705.3,717.1,0
7026623,7026623,1011.4,872.1,863.7,201
7026624,7026624,952.7,813.4,983.6,144
7026625,7026625,516.1,376.9,547.1,156
7026626,7026626,836.1,696.9,867.0,162
7026627,7026627,452.4,313.2,363.4,204
7026628,7026628,1231.2,1091.9,1476.4,135
7026629,7026629,795.8,656.6,826.8,141
7026630,7026630,2027.8,528.2,25915.4,114
7026631,7026631,2666.0,828.2,25774.0,156
7026632,7026632,1670.6,1271.0,26658.3,105
7026633,7026633,670.2,2388.2,27449.7,120
7026634,7026634,922.5,1493.9,26881.2,93
7026635,7026635,1035.6,1738.2,27949.7,93
7026636,7026636,920.9,2295.4,26954.9,189
7026637,7026637,1080.8,2687.3,27346.7,111
7026638,7026638,2168.4,3886.5,28948.0,69
7026639,7026639,4534.1,6252.2,31313.7,153
7026782,7026782,2731.4,3077.5,7036.8,171
7026783,7026783,3457.4,3803.5,7529.5,99
7026784,7026784,2476.5,2822.7,6782.0,111
7026786,7026786,2281.0,2627.1,4370.2,93
7026787,7026787,4482.6,4825.3,4992.6,120
7026788,7026788,4790.1,5136.3,6917.0,141
7026789,7026789,6463.8,6612.3,5286.3,171
7026791,7026791,4722.6,5065.3,5232.6,195
7026792,7026792,3951.3,4297.5,6078.2,168
7026793,7026793,4574.8,4723.3,5555.2,279
7026794,7026794,4754.8,4903.3,5791.8,177
7026795,7026795,4873.4,5055.6,7000.3,309
7026796,7026796,4474.5,4820.7,6601.4,174
7026797,7026797,4801.3,5147.4,6928.2,105
7026798,7026798,4515.3,4663.9,7122.7,129
7026799,7026799,4878.4,5224.6,7005.4,321
7026800,7026800,4863.9,5210.1,6990.8,171
7026801,7026801,4976.6,5317.9,7103.5,198
7026802,7026802,4570.5,4719.0,7179.6,174
7026803,7026803,5093.9,5340.8,5603.9,417
7026804,7026804,4388.9,4537.4,5754.4,126
7026805,7026805,4052.8,4201.3,5669.8,165
7026806,7026806,4217.6,4366.1,6240.6,210
7026807,7026807,4220.2,4368.7,5978.4,156
7026808,7026808,4317.5,4466.0,6340.5,258
7026809,7026809,4643.3,4791.8,6666.3,165
7026810,7026810,4920.9,5069.5,7270.1,132
7026811,7026811,5194.6,5343.1,7340.3,255
7026812,7026812,3920.8,4069.3,6358.1,120
7026813,7026813,4300.7,4449.2,7468.5,111
7026814,7026814,6216.4,6763.7,5246.5,213
7026816,7026816,3465.0,3613.5,5902.4,216
7026821,7026821,5320.6,3382.6,4668.9,273
